county_fips,county_name,year,employment,emp_2010,pct_chg_2010_now,Construction,Education and health services,Financial activities,Information,Leisure and hospitality,Manufacturing,Natural resources and mining,Other services,Professional and business services,Public administration,"Trade, transportation and utilities",Natural resources and mining_pct,Construction_pct,Manufacturing_pct,"Trade, transportation and utilities_pct",Information_pct,Financial activities_pct,Professional and business services_pct,Education and health services_pct,Leisure and hospitality_pct,Other services_pct,Public administration_pct,in_core_11
13013,Barrow,2000,11140,12549,-11.2,1481.0,324.0,177.0,25.0,445.0,3467.0,163.0,277.0,564.0,,929.0,0.0208,0.1886,0.4415,0.1183,0.0032,0.0225,0.0718,0.0413,0.0567,0.0353,,False
13013,Barrow,2001,10897,12549,-13.2,1590.0,325.0,181.0,41.0,469.0,2946.0,0.0,280.0,456.0,,993.0,0.0,0.2184,0.4046,0.1364,0.0056,0.0249,0.0626,0.0446,0.0644,0.0385,,False
13013,Barrow,2002,11058,12549,-11.9,1590.0,339.0,190.0,78.0,519.0,2533.0,160.0,283.0,535.0,,1107.0,0.0218,0.2168,0.3454,0.1509,0.0106,0.0259,0.0729,0.0462,0.0708,0.0386,,False
13013,Barrow,2003,11892,12549,-5.2,1479.0,379.0,204.0,62.0,506.0,2670.0,189.0,282.0,716.0,,1128.0,0.0248,0.1942,0.3506,0.1481,0.0081,0.0268,0.094,0.0498,0.0664,0.037,,False
13013,Barrow,2004,12650,12549,0.8,1204.0,456.0,207.0,61.0,808.0,2495.0,178.0,299.0,566.0,,1242.0,0.0237,0.1602,0.332,0.1652,0.0081,0.0275,0.0753,0.0607,0.1075,0.0398,,False
13013,Barrow,2005,13106,12549,4.4,1300.0,488.0,220.0,58.0,882.0,2401.0,172.0,438.0,733.0,,1121.0,0.022,0.1664,0.3073,0.1435,0.0074,0.0282,0.0938,0.0625,0.1129,0.0561,,False
13013,Barrow,2006,13552,12549,8.0,1400.0,538.0,250.0,42.0,920.0,2367.0,164.0,402.0,958.0,,909.0,0.0206,0.1761,0.2977,0.1143,0.0053,0.0314,0.1205,0.0677,0.1157,0.0506,,False
13013,Barrow,2007,14241,12549,13.5,1404.0,514.0,365.0,22.0,940.0,2431.0,188.0,462.0,1055.0,,927.0,0.0226,0.169,0.2926,0.1116,0.0026,0.0439,0.127,0.0619,0.1131,0.0556,,False
13013,Barrow,2008,13213,12549,5.3,1176.0,559.0,303.0,33.0,890.0,2207.0,100.0,467.0,567.0,,981.0,0.0137,0.1615,0.303,0.1347,0.0045,0.0416,0.0779,0.0768,0.1222,0.0641,,False
13013,Barrow,2009,12560,12549,0.1,962.0,590.0,302.0,22.0,821.0,1973.0,100.0,420.0,565.0,,965.0,0.0149,0.1432,0.2936,0.1436,0.0033,0.0449,0.0841,0.0878,0.1222,0.0625,,False
13013,Barrow,2010,12549,12549,0.0,932.0,606.0,300.0,57.0,807.0,1961.0,96.0,396.0,744.0,,976.0,0.014,0.1356,0.2852,0.142,0.0083,0.0436,0.1082,0.0881,0.1174,0.0576,,False
13013,Barrow,2011,12490,12549,-0.5,900.0,628.0,288.0,63.0,852.0,1998.0,89.0,410.0,518.0,,962.0,0.0133,0.1342,0.2979,0.1434,0.0094,0.0429,0.0772,0.0936,0.127,0.0611,,False
13013,Barrow,2012,13030,12549,3.8,925.0,642.0,290.0,102.0,838.0,2180.0,90.0,425.0,528.0,,1024.0,0.0128,0.1313,0.3095,0.1454,0.0145,0.0412,0.075,0.0911,0.119,0.0603,,False
13013,Barrow,2013,13876,12549,10.6,930.0,662.0,305.0,128.0,833.0,2180.0,78.0,480.0,468.0,,1250.0,0.0107,0.1272,0.2981,0.1709,0.0175,0.0417,0.064,0.0905,0.1139,0.0656,,False
13013,Barrow,2014,14312,12549,14.0,1025.0,706.0,303.0,126.0,814.0,2247.0,85.0,492.0,460.0,,1314.0,0.0112,0.1354,0.2968,0.1735,0.0166,0.04,0.0608,0.0932,0.1075,0.065,,False
13013,Barrow,2015,15766,12549,25.6,1171.0,712.0,278.0,115.0,862.0,2410.0,123.0,526.0,574.0,,1494.0,0.0149,0.1417,0.2916,0.1808,0.0139,0.0336,0.0694,0.0861,0.1043,0.0636,,False
13013,Barrow,2016,15932,12549,27.0,1282.0,744.0,233.0,109.0,963.0,2503.0,88.0,539.0,528.0,,1477.0,0.0104,0.1514,0.2957,0.1745,0.0129,0.0275,0.0624,0.0879,0.1137,0.0637,,False
13013,Barrow,2017,16594,12549,32.2,1564.0,808.0,224.0,76.0,1134.0,2457.0,157.0,508.0,512.0,,1487.0,0.0176,0.1752,0.2752,0.1666,0.0085,0.0251,0.0574,0.0905,0.127,0.0569,,False
13013,Barrow,2018,17094,12549,36.2,1646.0,905.0,198.0,64.0,1247.0,2613.0,236.0,475.0,420.0,,1521.0,0.0253,0.1765,0.2802,0.1631,0.0069,0.0212,0.045,0.0971,0.1337,0.0509,,False
13013,Barrow,2019,17604,12549,40.3,1569.0,983.0,220.0,64.0,1255.0,2612.0,156.0,504.0,583.0,,1602.0,0.0163,0.1643,0.2736,0.1678,0.0067,0.023,0.0611,0.103,0.1314,0.0528,,False
13013,Barrow,2020,17465,12549,39.2,1674.0,990.0,239.0,66.0,1222.0,2527.0,108.0,473.0,580.0,,1968.0,0.011,0.17,0.2566,0.1999,0.0067,0.0243,0.0589,0.1005,0.1241,0.048,,False
13013,Barrow,2021,18086,12549,44.1,1677.0,974.0,244.0,88.0,1334.0,2325.0,80.0,476.0,574.0,,1877.0,0.0083,0.1738,0.241,0.1945,0.0091,0.0253,0.0595,0.1009,0.1383,0.0493,,False
13013,Barrow,2022,19592,12549,56.1,1825.0,982.0,243.0,100.0,1414.0,2299.0,71.0,553.0,604.0,,1910.0,0.0071,0.1825,0.2299,0.191,0.01,0.0243,0.0604,0.0982,0.1414,0.0553,,False
13013,Barrow,2023,20324,12549,62.0,1914.0,980.0,291.0,114.0,1514.0,2392.0,66.0,581.0,742.0,,2468.0,0.006,0.173,0.2162,0.2231,0.0103,0.0263,0.0671,0.0886,0.1369,0.0525,,False
13013,Barrow,2024,20798,12549,65.7,1928.0,1005.0,299.0,119.0,1601.0,2479.0,64.0,664.0,698.0,,1905.0,0.0059,0.1791,0.2303,0.177,0.0111,0.0278,0.0649,0.0934,0.1488,0.0617,,False
13013,Barrow,2025,20925,12549,66.7,1882.0,997.0,299.0,129.0,1572.0,2692.0,72.0,713.0,665.0,,2091.0,0.0065,0.1694,0.2423,0.1882,0.0116,0.0269,0.0598,0.0897,0.1415,0.0642,,False
13015,Bartow,2000,27134,26130,3.8,1569.0,754.0,356.0,402.0,1197.0,9954.0,102.0,510.0,994.0,,2280.0,0.0056,0.0866,0.5494,0.1258,0.0222,0.0196,0.0549,0.0416,0.0661,0.0281,,False
13015,Bartow,2001,26560,26130,1.6,1478.0,849.0,402.0,266.0,1240.0,9002.0,88.0,472.0,1023.0,,2351.0,0.0051,0.0861,0.5243,0.1369,0.0155,0.0234,0.0596,0.0494,0.0722,0.0275,,False
13015,Bartow,2002,27090,26130,3.7,1929.0,974.0,412.0,232.0,1319.0,8514.0,90.0,499.0,858.0,,2411.0,0.0052,0.1119,0.4939,0.1399,0.0135,0.0239,0.0498,0.0565,0.0765,0.0289,,False
13015,Bartow,2003,27561,26130,5.5,1587.0,940.0,438.0,194.0,1399.0,8692.0,88.0,528.0,972.0,,2465.0,0.0051,0.0917,0.5023,0.1425,0.0112,0.0253,0.0562,0.0543,0.0809,0.0305,,False
13015,Bartow,2004,28808,26130,10.2,1643.0,1035.0,480.0,197.0,1457.0,9477.0,89.0,534.0,1058.0,,2380.0,0.0049,0.0895,0.5165,0.1297,0.0107,0.0262,0.0577,0.0564,0.0794,0.0291,,False
13015,Bartow,2005,29328,26130,12.2,1761.0,1128.0,498.0,222.0,1542.0,9331.0,114.0,568.0,1077.0,,1913.0,0.0063,0.097,0.514,0.1054,0.0122,0.0274,0.0593,0.0621,0.0849,0.0313,,False
13015,Bartow,2006,30796,26130,17.9,1998.0,1157.0,510.0,263.0,1633.0,9616.0,112.0,593.0,1139.0,,2022.0,0.0059,0.1049,0.505,0.1062,0.0138,0.0268,0.0598,0.0608,0.0858,0.0311,,False
13015,Bartow,2007,31464,26130,20.4,1983.0,1203.0,540.0,228.0,1787.0,9549.0,128.0,569.0,1268.0,,2004.0,0.0066,0.103,0.4958,0.1041,0.0118,0.028,0.0658,0.0625,0.0928,0.0295,,False
13015,Bartow,2008,30913,26130,18.3,1804.0,1223.0,548.0,225.0,1759.0,9466.0,114.0,530.0,1164.0,,2027.0,0.006,0.0957,0.5019,0.1075,0.0119,0.0291,0.0617,0.0648,0.0933,0.0281,,False
13015,Bartow,2009,27667,26130,5.9,1342.0,1177.0,532.0,212.0,1658.0,8352.0,103.0,489.0,996.0,,2266.0,0.006,0.0784,0.4877,0.1323,0.0124,0.0311,0.0582,0.0687,0.0968,0.0286,,False
13015,Bartow,2010,26130,26130,0.0,1178.0,1079.0,499.0,262.0,1643.0,7412.0,95.0,460.0,976.0,,1814.0,0.0062,0.0764,0.4807,0.1177,0.017,0.0324,0.0633,0.07,0.1066,0.0298,,False
13015,Bartow,2011,27219,26130,4.2,1115.0,1127.0,502.0,297.0,1686.0,8022.0,91.0,478.0,1104.0,,1880.0,0.0056,0.0684,0.4921,0.1153,0.0182,0.0308,0.0677,0.0691,0.1034,0.0293,,False
13015,Bartow,2012,27148,26130,3.9,1152.0,1126.0,493.0,317.0,1707.0,8163.0,90.0,529.0,1032.0,,1944.0,0.0054,0.0696,0.4931,0.1174,0.0192,0.0298,0.0623,0.068,0.1031,0.032,,False
13015,Bartow,2013,27362,26130,4.7,1297.0,1131.0,520.0,309.0,1832.0,7955.0,94.0,554.0,919.0,,2278.0,0.0056,0.0768,0.471,0.1349,0.0183,0.0308,0.0544,0.067,0.1085,0.0328,,False
13015,Bartow,2014,28716,26130,9.9,1357.0,1240.0,545.0,303.0,1861.0,8435.0,94.0,581.0,953.0,,2020.0,0.0054,0.078,0.4851,0.1162,0.0174,0.0313,0.0548,0.0713,0.107,0.0334,,False
13015,Bartow,2015,30095,26130,15.2,1741.0,1177.0,539.0,202.0,1916.0,8932.0,88.0,684.0,1034.0,,2342.0,0.0047,0.0933,0.4788,0.1255,0.0108,0.0289,0.0554,0.0631,0.1027,0.0367,,False
13015,Bartow,2016,32146,26130,23.0,1917.0,1214.0,524.0,274.0,2047.0,9221.0,93.0,734.0,1249.0,,2662.0,0.0047,0.0962,0.4626,0.1335,0.0137,0.0263,0.0627,0.0609,0.1027,0.0368,,False
13015,Bartow,2017,34081,26130,30.4,2001.0,1272.0,510.0,264.0,2172.0,9115.0,115.0,792.0,1470.0,,2770.0,0.0056,0.0977,0.445,0.1352,0.0129,0.0249,0.0718,0.0621,0.106,0.0387,,False
13015,Bartow,2018,35668,26130,36.5,2059.0,1372.0,503.0,235.0,2336.0,9965.0,106.0,795.0,1387.0,,2587.0,0.005,0.0965,0.4669,0.1212,0.011,0.0236,0.065,0.0643,0.1094,0.0372,,False
13015,Bartow,2019,36316,26130,39.0,1990.0,1208.0,469.0,128.0,2488.0,9782.0,107.0,856.0,1532.0,,3318.0,0.0049,0.091,0.4471,0.1517,0.0059,0.0214,0.07,0.0552,0.1137,0.0391,,False
13015,Bartow,2020,36388,26130,39.3,2116.0,1380.0,451.0,108.0,2397.0,9571.0,114.0,865.0,1660.0,,3193.0,0.0052,0.0968,0.4379,0.1461,0.0049,0.0206,0.076,0.0631,0.1097,0.0396,,False
13015,Bartow,2021,37173,26130,42.3,2228.0,1492.0,415.0,152.0,2460.0,9736.0,108.0,876.0,1713.0,,3182.0,0.0048,0.0996,0.4354,0.1423,0.0068,0.0186,0.0766,0.0667,0.11,0.0392,,False
13015,Bartow,2022,38838,26130,48.6,2327.0,1442.0,435.0,189.0,2735.0,10434.0,104.0,912.0,1729.0,,2725.0,0.0045,0.101,0.453,0.1183,0.0082,0.0189,0.0751,0.0626,0.1187,0.0396,,False
13015,Bartow,2023,41008,26130,56.9,2570.0,1613.0,496.0,309.0,2737.0,11538.0,102.0,940.0,1855.0,,2547.0,0.0041,0.104,0.467,0.1031,0.0125,0.0201,0.0751,0.0653,0.1108,0.038,,False
13015,Bartow,2024,42218,26130,61.6,2835.0,1742.0,496.0,409.0,2891.0,11540.0,111.0,967.0,1810.0,,2639.0,0.0044,0.1114,0.4536,0.1037,0.0161,0.0195,0.0711,0.0685,0.1136,0.038,,False
13015,Bartow,2025,43001,26130,64.6,2671.0,1921.0,526.0,193.0,2910.0,11971.0,114.0,951.0,1758.0,,2750.0,0.0044,0.1037,0.4646,0.1067,0.0075,0.0204,0.0682,0.0746,0.1129,0.0369,,False
13045,Carroll,2000,27148,28376,-4.3,2174.0,1819.0,550.0,378.0,1115.0,9614.0,146.0,684.0,603.0,,1332.0,0.0079,0.1181,0.5221,0.0723,0.0205,0.0299,0.0327,0.0988,0.0605,0.0371,,False
13045,Carroll,2001,25751,28376,-9.3,2345.0,1834.0,567.0,400.0,1088.0,8360.0,162.0,680.0,480.0,,1334.0,0.0094,0.1359,0.4846,0.0773,0.0232,0.0329,0.0278,0.1063,0.0631,0.0394,,False
13045,Carroll,2002,25091,28376,-11.6,1971.0,1847.0,559.0,439.0,1162.0,7288.0,186.0,696.0,480.0,,1471.0,0.0116,0.1224,0.4527,0.0914,0.0273,0.0347,0.0298,0.1147,0.0722,0.0432,,False
13045,Carroll,2003,25038,28376,-11.8,1927.0,1866.0,607.0,419.0,1237.0,6813.0,205.0,640.0,500.0,,1517.0,0.013,0.1225,0.4331,0.0964,0.0266,0.0386,0.0318,0.1186,0.0786,0.0407,,False
13045,Carroll,2004,26296,28376,-7.3,2053.0,1930.0,612.0,403.0,1280.0,7137.0,170.0,576.0,658.0,,1558.0,0.0104,0.1254,0.4358,0.0951,0.0246,0.0374,0.0402,0.1178,0.0782,0.0352,,False
13045,Carroll,2005,27538,28376,-3.0,2168.0,2051.0,656.0,444.0,1381.0,7498.0,163.0,560.0,846.0,,1562.0,0.0094,0.1251,0.4327,0.0901,0.0256,0.0379,0.0488,0.1184,0.0797,0.0323,,False
13045,Carroll,2006,30476,28376,7.4,2394.0,1982.0,740.0,482.0,1464.0,9040.0,184.0,620.0,1147.0,,1583.0,0.0094,0.1219,0.4604,0.0806,0.0245,0.0377,0.0584,0.1009,0.0746,0.0316,,False
13045,Carroll,2007,31406,28376,10.7,2614.0,2025.0,756.0,506.0,1648.0,8309.0,254.0,608.0,1201.0,,1688.0,0.013,0.1333,0.4237,0.0861,0.0258,0.0386,0.0612,0.1033,0.084,0.031,,False
13045,Carroll,2008,30700,28376,8.2,2546.0,2159.0,726.0,538.0,1592.0,8176.0,240.0,619.0,944.0,,1685.0,0.0125,0.1324,0.4253,0.0876,0.028,0.0378,0.0491,0.1123,0.0828,0.0322,,False
13045,Carroll,2009,29084,28376,2.5,2258.0,2374.0,614.0,526.0,1677.0,7215.0,171.0,614.0,793.0,,1737.0,0.0095,0.1256,0.4013,0.0966,0.0293,0.0342,0.0441,0.132,0.0933,0.0342,,False
13045,Carroll,2010,28376,28376,0.0,2008.0,2390.0,518.0,538.0,1669.0,6924.0,127.0,622.0,915.0,,1877.0,0.0072,0.1142,0.3937,0.1067,0.0306,0.0295,0.052,0.1359,0.0949,0.0354,,False
13045,Carroll,2011,28686,28376,1.1,1986.0,2449.0,466.0,616.0,1694.0,7086.0,100.0,600.0,864.0,,1806.0,0.0057,0.1124,0.4011,0.1022,0.0349,0.0264,0.0489,0.1386,0.0959,0.034,,False
13045,Carroll,2012,30144,28376,6.2,1932.0,2552.0,469.0,723.0,1694.0,7068.0,96.0,626.0,1232.0,,1619.0,0.0053,0.1073,0.3924,0.0899,0.0401,0.026,0.0684,0.1417,0.0941,0.0348,,False
13045,Carroll,2013,30408,28376,7.2,1951.0,2648.0,429.0,818.0,1786.0,6343.0,50.0,616.0,1470.0,,1611.0,0.0028,0.1101,0.3579,0.0909,0.0462,0.0242,0.0829,0.1494,0.1008,0.0348,,False
13045,Carroll,2014,31048,28376,9.4,2062.0,2798.0,440.0,819.0,1889.0,6421.0,52.0,625.0,1390.0,,1649.0,0.0029,0.1136,0.3539,0.0909,0.0451,0.0242,0.0766,0.1542,0.1041,0.0344,,False
13045,Carroll,2015,32334,28376,13.9,2073.0,2865.0,446.0,707.0,2090.0,6816.0,80.0,726.0,1385.0,,1724.0,0.0042,0.1096,0.3604,0.0912,0.0374,0.0236,0.0732,0.1515,0.1105,0.0384,,False
13045,Carroll,2016,33398,28376,17.7,2363.0,2945.0,450.0,621.0,2066.0,7286.0,72.0,815.0,1379.0,,1778.0,0.0036,0.1195,0.3684,0.0899,0.0314,0.0228,0.0697,0.1489,0.1045,0.0412,,False
13045,Carroll,2017,34070,28376,20.1,2608.0,3038.0,446.0,570.0,2213.0,7196.0,83.0,802.0,1363.0,,1811.0,0.0041,0.1296,0.3575,0.09,0.0283,0.0222,0.0677,0.1509,0.1099,0.0398,,False
13045,Carroll,2018,35075,28376,23.6,2622.0,3126.0,453.0,536.0,2269.0,7774.0,69.0,875.0,1375.0,,1827.0,0.0033,0.1253,0.3715,0.0873,0.0256,0.0216,0.0657,0.1494,0.1084,0.0418,,False
13045,Carroll,2019,35417,28376,24.8,2692.0,3299.0,437.0,888.0,2348.0,7962.0,91.0,898.0,1188.0,,1779.0,0.0042,0.1247,0.3689,0.0824,0.0411,0.0202,0.055,0.1529,0.1088,0.0416,,False
13045,Carroll,2020,34381,28376,21.2,2777.0,3216.0,444.0,792.0,2230.0,7280.0,82.0,895.0,1295.0,,1713.0,0.004,0.134,0.3513,0.0827,0.0382,0.0214,0.0625,0.1552,0.1076,0.0432,,False
13045,Carroll,2021,34948,28376,23.2,2596.0,3181.0,455.0,797.0,2214.0,7124.0,68.0,940.0,1490.0,,1799.0,0.0033,0.1256,0.3448,0.0871,0.0386,0.022,0.0721,0.1539,0.1071,0.0455,,False
13045,Carroll,2022,36244,28376,27.7,2944.0,3300.0,467.0,639.0,2333.0,7461.0,68.0,955.0,1528.0,,1831.0,0.0032,0.1368,0.3466,0.0851,0.0297,0.0217,0.071,0.1533,0.1084,0.0444,,False
13045,Carroll,2023,37634,28376,32.6,3132.0,3502.0,477.0,597.0,2421.0,7875.0,59.0,953.0,1685.0,,1777.0,0.0026,0.1393,0.3503,0.0791,0.0266,0.0212,0.075,0.1558,0.1077,0.0424,,False
13045,Carroll,2024,38310,28376,35.0,3333.0,3553.0,474.0,580.0,2418.0,8166.0,164.0,913.0,1687.0,,1781.0,0.0071,0.1445,0.354,0.0772,0.0251,0.0205,0.0731,0.154,0.1048,0.0396,,False
13045,Carroll,2025,38959,28376,37.3,3602.0,3815.0,472.0,581.0,2443.0,8042.0,58.0,932.0,1629.0,,1834.0,0.0025,0.1539,0.3436,0.0783,0.0248,0.0202,0.0696,0.163,0.1044,0.0398,,False
13057,Cherokee,2000,28642,35610,-19.6,3577.0,1432.0,611.0,343.0,1705.0,5150.0,126.0,1042.0,1038.0,0.0,1938.0,0.0074,0.2109,0.3036,0.1143,0.0202,0.036,0.0612,0.0844,0.1005,0.0614,0.0,True
13057,Cherokee,2001,30388,35610,-14.7,3838.0,1533.0,674.0,412.0,2090.0,5081.0,120.0,1035.0,1080.0,,2006.0,0.0067,0.2148,0.2843,0.1123,0.0231,0.0377,0.0604,0.0858,0.117,0.0579,,True
13057,Cherokee,2002,31372,35610,-11.9,3867.0,1711.0,742.0,498.0,1930.0,4798.0,132.0,1212.0,1161.0,0.0,2146.0,0.0073,0.2125,0.2637,0.1179,0.0274,0.0408,0.0638,0.094,0.1061,0.0666,0.0,True
13057,Cherokee,2003,32292,35610,-9.3,3919.0,1784.0,875.0,484.0,2129.0,4772.0,117.0,1174.0,1163.0,,2182.0,0.0063,0.2107,0.2566,0.1173,0.026,0.047,0.0625,0.0959,0.1145,0.0631,,True
13057,Cherokee,2004,33692,35610,-5.4,4041.0,1789.0,998.0,458.0,2311.0,4484.0,83.0,1192.0,1331.0,,2292.0,0.0044,0.2129,0.2363,0.1208,0.0241,0.0526,0.0701,0.0943,0.1218,0.0628,,True
13057,Cherokee,2005,36713,35610,3.1,4174.0,1963.0,1126.0,467.0,2558.0,4800.0,72.0,1382.0,1552.0,,2449.0,0.0035,0.2032,0.2337,0.1192,0.0227,0.0548,0.0755,0.0956,0.1245,0.0673,,True
13057,Cherokee,2006,40326,35610,13.2,4785.0,2212.0,1158.0,437.0,2872.0,4999.0,74.0,1412.0,1805.0,,2662.0,0.0033,0.2135,0.223,0.1188,0.0195,0.0517,0.0805,0.0987,0.1281,0.063,,True
13057,Cherokee,2007,41494,35610,16.5,4836.0,2326.0,1162.0,422.0,3124.0,4740.0,67.0,1536.0,1844.0,,2767.0,0.0029,0.2119,0.2077,0.1212,0.0185,0.0509,0.0808,0.1019,0.1369,0.0673,,True
13057,Cherokee,2008,40218,35610,12.9,3945.0,2462.0,1036.0,385.0,3105.0,4610.0,62.0,1611.0,1821.0,,2719.0,0.0028,0.1813,0.2119,0.125,0.0177,0.0476,0.0837,0.1132,0.1427,0.074,,True
13057,Cherokee,2009,36668,35610,3.0,2953.0,2363.0,984.0,376.0,3079.0,3868.0,59.0,1577.0,1653.0,,2492.0,0.003,0.1522,0.1993,0.1284,0.0194,0.0507,0.0852,0.1218,0.1587,0.0813,,True
13057,Cherokee,2010,35610,35610,0.0,2836.0,2149.0,926.0,449.0,3024.0,3680.0,46.0,1591.0,1625.0,,2472.0,0.0024,0.1509,0.1958,0.1315,0.0239,0.0493,0.0864,0.1143,0.1609,0.0846,,True
13057,Cherokee,2011,37099,35610,4.2,2932.0,2318.0,914.0,460.0,3068.0,3882.0,53.0,1709.0,1670.0,,2600.0,0.0027,0.1495,0.198,0.1326,0.0235,0.0466,0.0852,0.1182,0.1565,0.0872,,True
13057,Cherokee,2012,39007,35610,9.5,3015.0,2494.0,954.0,513.0,3281.0,4104.0,54.0,1730.0,1725.0,,2726.0,0.0026,0.1464,0.1993,0.1324,0.0249,0.0463,0.0838,0.1211,0.1593,0.084,,True
13057,Cherokee,2013,41273,35610,15.9,3100.0,2868.0,956.0,544.0,3434.0,4136.0,59.0,1758.0,1849.0,,2888.0,0.0027,0.1436,0.1916,0.1338,0.0252,0.0443,0.0856,0.1328,0.159,0.0814,,True
13057,Cherokee,2014,43649,35610,22.6,3730.0,3037.0,1017.0,586.0,3446.0,4154.0,75.0,1796.0,1954.0,0.0,3092.0,0.0033,0.163,0.1815,0.1351,0.0256,0.0444,0.0854,0.1327,0.1506,0.0785,0.0,True
13057,Cherokee,2015,46268,35610,29.9,4430.0,3216.0,1080.0,595.0,3638.0,4312.0,89.0,1917.0,1957.0,0.0,3274.0,0.0036,0.1808,0.1759,0.1336,0.0243,0.0441,0.0799,0.1312,0.1484,0.0782,0.0,True
13057,Cherokee,2016,48488,35610,36.2,4472.0,3517.0,1121.0,588.0,3934.0,4581.0,87.0,1987.0,1955.0,0.0,3419.0,0.0034,0.1743,0.1785,0.1332,0.0229,0.0437,0.0762,0.1371,0.1533,0.0774,0.0,True
13057,Cherokee,2017,51049,35610,43.4,4931.0,3755.0,1208.0,575.0,4114.0,4889.0,70.0,2146.0,1997.0,,3556.0,0.0026,0.181,0.1795,0.1305,0.0211,0.0443,0.0733,0.1378,0.151,0.0788,,True
13057,Cherokee,2018,53336,35610,49.8,5326.0,3442.0,1222.0,658.0,4457.0,5473.0,64.0,2145.0,2180.0,,3705.0,0.0022,0.1858,0.1909,0.1292,0.0229,0.0426,0.076,0.12,0.1554,0.0748,,True
13057,Cherokee,2019,57528,35610,61.6,5130.0,3631.0,1238.0,624.0,4711.0,6868.0,57.0,2230.0,2717.0,,3813.0,0.0018,0.1654,0.2214,0.1229,0.0201,0.0399,0.0876,0.1171,0.1519,0.0719,,True
13057,Cherokee,2020,58492,35610,64.3,5336.0,4317.0,1263.0,512.0,4566.0,6254.0,55.0,2112.0,3152.0,,3606.0,0.0018,0.1712,0.2006,0.1157,0.0164,0.0405,0.1011,0.1385,0.1465,0.0678,,True
13057,Cherokee,2021,61132,35610,71.7,5655.0,4532.0,1323.0,549.0,4966.0,5908.0,73.0,2102.0,3266.0,,3833.0,0.0023,0.1756,0.1834,0.119,0.017,0.0411,0.1014,0.1407,0.1542,0.0653,,True
13057,Cherokee,2022,64161,35610,80.2,6343.0,3734.0,1482.0,588.0,5380.0,6057.0,92.0,2322.0,3901.0,,3943.0,0.0027,0.1874,0.179,0.1165,0.0174,0.0438,0.1153,0.1103,0.159,0.0686,,True
13057,Cherokee,2023,68462,35610,92.3,6674.0,5093.0,1518.0,655.0,5711.0,6186.0,101.0,2440.0,4003.0,,3913.0,0.0028,0.1839,0.1704,0.1078,0.018,0.0418,0.1103,0.1403,0.1574,0.0672,,True
13057,Cherokee,2024,66690,35610,87.3,6834.0,5356.0,1524.0,687.0,5849.0,6127.0,95.0,2620.0,2926.0,,3999.0,0.0026,0.1897,0.1701,0.111,0.0191,0.0423,0.0812,0.1487,0.1624,0.0727,,True
13057,Cherokee,2025,67210,35610,88.7,6986.0,5600.0,1466.0,615.0,5924.0,5968.0,99.0,2523.0,2916.0,,4048.0,0.0027,0.1933,0.1651,0.112,0.017,0.0406,0.0807,0.1549,0.1639,0.0698,,True
13063,Clayton,2000,117545,101764,15.5,3488.0,3479.0,2168.0,1292.0,5324.0,7612.0,13.0,2873.0,3552.0,,17408.0,0.0003,0.0739,0.1612,0.3687,0.0274,0.0459,0.0752,0.0737,0.1128,0.0609,,True
13063,Clayton,2001,115742,101764,13.7,3508.0,3686.0,2023.0,1425.0,5455.0,7136.0,14.0,2676.0,3313.0,,17169.0,0.0003,0.0756,0.1538,0.37,0.0307,0.0436,0.0714,0.0794,0.1176,0.0577,,True
13063,Clayton,2002,111839,101764,9.9,3219.0,3745.0,2363.0,2142.0,5306.0,6248.0,32.0,2063.0,3186.0,,16428.0,0.0007,0.072,0.1397,0.3673,0.0479,0.0528,0.0712,0.0837,0.1186,0.0461,,True
13063,Clayton,2003,110027,101764,8.1,3233.0,3710.0,2259.0,1064.0,5342.0,5958.0,28.0,2050.0,3137.0,,16407.0,0.0006,0.0749,0.138,0.3799,0.0246,0.0523,0.0726,0.0859,0.1237,0.0475,,True
13063,Clayton,2004,97822,101764,-3.9,3230.0,3818.0,2169.0,1068.0,5310.0,5886.0,0.0,2077.0,3318.0,,13243.0,0.0,0.0805,0.1467,0.3301,0.0266,0.0541,0.0827,0.0952,0.1324,0.0518,,True
13063,Clayton,2005,109925,101764,8.0,3384.0,4071.0,2206.0,935.0,5166.0,5963.0,0.0,1921.0,3502.0,,16076.0,0.0,0.0783,0.138,0.3719,0.0216,0.051,0.081,0.0942,0.1195,0.0444,,True
13063,Clayton,2006,110866,101764,8.9,3701.0,3987.0,2326.0,941.0,5092.0,5115.0,8.0,1798.0,3745.0,,16309.0,0.0002,0.086,0.1189,0.3791,0.0219,0.0541,0.087,0.0927,0.1184,0.0418,,True
13063,Clayton,2007,108466,101764,6.6,3790.0,3862.0,2343.0,828.0,5296.0,5060.0,14.0,1764.0,3942.0,,15539.0,0.0003,0.0893,0.1192,0.3662,0.0195,0.0552,0.0929,0.091,0.1248,0.0416,,True
13063,Clayton,2008,105958,101764,4.1,3783.0,3944.0,2200.0,639.0,5300.0,4936.0,4.0,1620.0,3953.0,0.0,15048.0,0.0001,0.0913,0.1191,0.3632,0.0154,0.0531,0.0954,0.0952,0.1279,0.0391,0.0,True
13063,Clayton,2009,104062,101764,2.3,3186.0,3956.0,1975.0,604.0,5043.0,4733.0,0.0,1464.0,3756.0,,15213.0,0.0,0.0798,0.1185,0.381,0.0151,0.0495,0.0941,0.0991,0.1263,0.0367,,True
13063,Clayton,2010,101764,101764,0.0,3010.0,3995.0,1899.0,558.0,5097.0,4624.0,0.0,1614.0,3579.0,,14808.0,0.0,0.0768,0.118,0.3779,0.0142,0.0485,0.0913,0.102,0.1301,0.0412,,True
13063,Clayton,2011,102216,101764,0.4,2785.0,3902.0,1769.0,526.0,5162.0,4329.0,0.0,1549.0,3540.0,,15183.0,0.0,0.0719,0.1117,0.3919,0.0136,0.0457,0.0914,0.1007,0.1332,0.04,,True
13063,Clayton,2012,102512,101764,0.7,2816.0,3871.0,1666.0,511.0,5030.0,4529.0,14.0,1621.0,3508.0,,15339.0,0.0004,0.0724,0.1164,0.3943,0.0131,0.0428,0.0902,0.0995,0.1293,0.0417,,True
13063,Clayton,2013,104305,101764,2.5,2772.0,4067.0,1558.0,518.0,5322.0,4850.0,35.0,1768.0,3666.0,,15365.0,0.0009,0.0694,0.1215,0.3849,0.013,0.039,0.0918,0.1019,0.1333,0.0443,,True
13063,Clayton,2014,109938,101764,8.0,2918.0,4169.0,1590.0,704.0,5576.0,4876.0,50.0,1834.0,4763.0,,15647.0,0.0012,0.0693,0.1157,0.3714,0.0167,0.0377,0.1131,0.099,0.1324,0.0435,,True
13063,Clayton,2015,111888,101764,9.9,3171.0,4109.0,1628.0,527.0,5664.0,4962.0,73.0,1927.0,5047.0,,15805.0,0.0017,0.0739,0.1156,0.3683,0.0123,0.0379,0.1176,0.0958,0.132,0.0449,,True
13063,Clayton,2016,114341,101764,12.4,3501.0,4177.0,1551.0,733.0,5952.0,4898.0,199.0,1984.0,4620.0,0.0,16431.0,0.0045,0.0795,0.1112,0.373,0.0166,0.0352,0.1049,0.0948,0.1351,0.045,0.0,True
13063,Clayton,2017,115214,101764,13.2,3562.0,4648.0,1552.0,641.0,6370.0,4828.0,194.0,1782.0,4136.0,0.0,16645.0,0.0044,0.0803,0.1088,0.3752,0.0145,0.035,0.0932,0.1048,0.1436,0.0402,0.0,True
13063,Clayton,2018,116700,101764,14.7,3680.0,4751.0,1624.0,594.0,6383.0,4661.0,190.0,1862.0,4082.0,0.0,16940.0,0.0042,0.0822,0.1041,0.3784,0.0133,0.0363,0.0912,0.1061,0.1426,0.0416,0.0,True
13063,Clayton,2019,122801,101764,20.7,3786.0,4996.0,1753.0,503.0,5902.0,4940.0,344.0,1902.0,4920.0,,17790.0,0.0073,0.0808,0.1055,0.3798,0.0107,0.0374,0.105,0.1067,0.126,0.0406,,True
13063,Clayton,2020,113215,101764,11.3,3642.0,4528.0,1493.0,512.0,4708.0,5324.0,102.0,1712.0,4205.0,,16951.0,0.0024,0.0844,0.1233,0.3926,0.0119,0.0346,0.0974,0.1049,0.109,0.0397,,True
13063,Clayton,2021,114173,101764,12.2,3584.0,4808.0,1499.0,570.0,4090.0,5377.0,202.0,1740.0,4936.0,,16767.0,0.0046,0.0823,0.1234,0.3848,0.0131,0.0344,0.1133,0.1103,0.0939,0.0399,,True
13063,Clayton,2022,127324,101764,25.1,4004.0,5127.0,1688.0,644.0,5024.0,5894.0,253.0,1865.0,4585.0,0.0,19300.0,0.0052,0.0828,0.1218,0.3989,0.0133,0.0349,0.0948,0.106,0.1038,0.0385,0.0,True
13063,Clayton,2023,128465,101764,26.2,4046.0,5176.0,1631.0,639.0,5298.0,5875.0,118.0,2021.0,4387.0,0.0,19590.0,0.0024,0.0829,0.1204,0.4016,0.0131,0.0334,0.0899,0.1061,0.1086,0.0414,0.0,True
13063,Clayton,2024,127265,101764,25.1,3844.0,5211.0,1618.0,516.0,5707.0,5691.0,92.0,2116.0,4092.0,,19388.0,0.0019,0.0796,0.1179,0.4016,0.0107,0.0335,0.0848,0.1079,0.1182,0.0438,,True
13063,Clayton,2025,125219,101764,23.0,3927.0,5320.0,1631.0,749.0,5800.0,5638.0,13.0,2051.0,3752.0,,18990.0,0.0003,0.082,0.1178,0.3967,0.0156,0.0341,0.0784,0.1111,0.1212,0.0428,,True
13067,Cobb,2000,296694,285310,4.0,26296.0,11879.0,10603.0,14138.0,14905.0,17877.0,136.0,8251.0,23193.0,,21376.0,0.0009,0.1769,0.1203,0.1438,0.0951,0.0713,0.156,0.0799,0.1003,0.0555,,True
13067,Cobb,2001,298568,285310,4.6,26878.0,11753.0,10684.0,14964.0,14495.0,17009.0,133.0,8316.0,23899.0,,21394.0,0.0009,0.1798,0.1138,0.1431,0.1001,0.0715,0.1598,0.0786,0.0969,0.0556,,True
13067,Cobb,2002,286540,285310,0.4,24010.0,12248.0,11088.0,12981.0,14332.0,14808.0,117.0,8839.0,22785.0,0.0,20494.0,0.0008,0.1694,0.1045,0.1446,0.0916,0.0782,0.1608,0.0864,0.1011,0.0624,0.0,True
13067,Cobb,2003,284384,285310,-0.3,24017.0,12566.0,11324.0,11263.0,14686.0,23800.0,115.0,8684.0,20056.0,,19767.0,0.0008,0.1642,0.1627,0.1351,0.077,0.0774,0.1371,0.0859,0.1004,0.0594,,True
13067,Cobb,2004,290820,285310,1.9,25088.0,12920.0,11425.0,11050.0,14976.0,24002.0,114.0,8913.0,21534.0,,19573.0,0.0008,0.1677,0.1604,0.1308,0.0739,0.0764,0.1439,0.0864,0.1001,0.0596,,True
13067,Cobb,2005,295670,285310,3.6,26075.0,13280.0,11774.0,9639.0,15250.0,23233.0,109.0,9072.0,22926.0,,19512.0,0.0007,0.1728,0.154,0.1293,0.0639,0.078,0.152,0.088,0.1011,0.0601,,True
13067,Cobb,2006,302892,285310,6.2,27750.0,14127.0,11815.0,9754.0,15767.0,22182.0,227.0,9358.0,23262.0,,20047.0,0.0015,0.1799,0.1438,0.1299,0.0632,0.0766,0.1508,0.0916,0.1022,0.0607,,True
13067,Cobb,2007,311365,285310,9.1,28202.0,15117.0,11980.0,10082.0,16361.0,21520.0,250.0,9193.0,24138.0,,20634.0,0.0016,0.1791,0.1367,0.131,0.064,0.0761,0.1533,0.096,0.1039,0.0584,,True
13067,Cobb,2008,313059,285310,9.7,26727.0,15971.0,11718.0,9936.0,16687.0,21022.0,208.0,9232.0,25135.0,,20392.0,0.0013,0.1702,0.1339,0.1299,0.0633,0.0746,0.1601,0.1017,0.1063,0.0588,,True
13067,Cobb,2009,292538,285310,2.5,21038.0,16048.0,10763.0,9186.0,15848.0,19809.0,128.0,8526.0,23812.0,,19242.0,0.0009,0.1457,0.1372,0.1333,0.0636,0.0745,0.1649,0.1111,0.1098,0.059,,True
13067,Cobb,2010,285310,285310,0.0,17874.0,16391.0,10015.0,7860.0,15418.0,19692.0,76.0,8377.0,24136.0,,18824.0,0.0005,0.1289,0.142,0.1358,0.0567,0.0722,0.1741,0.1182,0.1112,0.0604,,True
13067,Cobb,2011,288330,285310,1.1,17436.0,17063.0,9948.0,7673.0,15346.0,20050.0,74.0,8398.0,24633.0,0.0,19004.0,0.0005,0.1249,0.1436,0.1361,0.055,0.0712,0.1764,0.1222,0.1099,0.0601,0.0,True
13067,Cobb,2012,296356,285310,3.9,17345.0,17900.0,10298.0,8527.0,15886.0,19430.0,74.0,8593.0,25421.0,,19470.0,0.0005,0.1213,0.1359,0.1362,0.0597,0.072,0.1778,0.1252,0.1111,0.0601,,True
13067,Cobb,2013,306983,285310,7.6,18888.0,18389.0,10749.0,8893.0,16683.0,19064.0,75.0,8518.0,26939.0,0.0,19753.0,0.0005,0.1277,0.1289,0.1335,0.0601,0.0727,0.1821,0.1243,0.1128,0.0576,0.0,True
13067,Cobb,2014,318328,285310,11.6,21484.0,18684.0,11149.0,9006.0,17724.0,18524.0,74.0,8746.0,28147.0,0.0,20216.0,0.0005,0.1397,0.1205,0.1315,0.0586,0.0725,0.1831,0.1215,0.1153,0.0569,0.0,True
13067,Cobb,2015,325516,285310,14.1,24032.0,19126.0,11229.0,10762.0,18352.0,18790.0,73.0,9159.0,27187.0,0.0,20912.0,0.0005,0.1506,0.1177,0.131,0.0674,0.0703,0.1703,0.1198,0.115,0.0574,0.0,True
13067,Cobb,2016,338842,285310,18.8,26259.0,20573.0,11486.0,11083.0,19547.0,18666.0,83.0,9583.0,28314.0,0.0,21234.0,0.0005,0.1574,0.1119,0.1273,0.0664,0.0688,0.1697,0.1233,0.1172,0.0574,0.0,True
13067,Cobb,2017,345687,285310,21.2,27283.0,20933.0,11381.0,12485.0,20698.0,19956.0,89.0,9904.0,28290.0,0.0,21247.0,0.0005,0.1584,0.1158,0.1233,0.0725,0.0661,0.1642,0.1215,0.1202,0.0575,0.0,True
13067,Cobb,2018,354604,285310,24.3,28264.0,21531.0,11999.0,14124.0,21533.0,19492.0,90.0,10014.0,29602.0,,20900.0,0.0005,0.1592,0.1098,0.1177,0.0795,0.0676,0.1667,0.1213,0.1213,0.0564,,True
13067,Cobb,2019,363950,285310,27.6,29861.0,23250.0,12757.0,14726.0,21988.0,19126.0,109.0,9584.0,30659.0,0.0,20617.0,0.0006,0.1635,0.1047,0.1129,0.0806,0.0698,0.1678,0.1273,0.1204,0.0525,0.0,True
13067,Cobb,2020,344186,285310,20.6,29146.0,23342.0,12755.0,13077.0,18324.0,19023.0,117.0,8358.0,28808.0,3.0,19770.0,0.0007,0.1687,0.1101,0.1145,0.0757,0.0738,0.1668,0.1351,0.1061,0.0484,0.0,True
13067,Cobb,2021,350618,285310,22.9,29462.0,24237.0,13136.0,14203.0,18938.0,19333.0,125.0,8938.0,28711.0,5.0,19918.0,0.0007,0.1664,0.1092,0.1125,0.0802,0.0742,0.1622,0.1369,0.107,0.0505,0.0,True
13067,Cobb,2022,392057,285310,37.4,30412.0,25507.0,13823.0,17538.0,20027.0,20225.0,137.0,9367.0,36997.0,6.0,21132.0,0.0007,0.1558,0.1036,0.1083,0.0899,0.0708,0.1896,0.1307,0.1026,0.048,0.0,True
13067,Cobb,2023,381775,285310,33.8,32320.0,26298.0,13996.0,14562.0,21420.0,20537.0,140.0,9749.0,31882.0,4.0,21314.0,0.0007,0.1681,0.1068,0.1109,0.0758,0.0728,0.1659,0.1368,0.1114,0.0507,0.0,True
13067,Cobb,2024,382018,285310,33.9,32860.0,27496.0,14071.0,14250.0,21627.0,20961.0,129.0,9940.0,30358.0,,21572.0,0.0007,0.17,0.1085,0.1116,0.0737,0.0728,0.1571,0.1423,0.1119,0.0514,,True
13067,Cobb,2025,382623,285310,34.1,33260.0,28124.0,14514.0,12433.0,21695.0,20807.0,130.0,10348.0,30082.0,,21651.0,0.0007,0.1723,0.1078,0.1122,0.0644,0.0752,0.1558,0.1457,0.1124,0.0536,,True
13077,Coweta,2000,22794,24523,-7.1,1569.0,1166.0,436.0,515.0,1357.0,4785.0,125.0,408.0,1026.0,,1590.0,0.0096,0.1209,0.3687,0.1225,0.0397,0.0336,0.0791,0.0899,0.1046,0.0314,,False
13077,Coweta,2001,23088,24523,-5.9,1670.0,1236.0,441.0,632.0,1396.0,5152.0,163.0,416.0,783.0,0.0,1639.0,0.012,0.1234,0.3808,0.1212,0.0467,0.0326,0.0579,0.0914,0.1032,0.0308,0.0,False
13077,Coweta,2002,22310,24523,-9.0,1746.0,1338.0,436.0,707.0,1361.0,4809.0,164.0,459.0,611.0,0.0,1579.0,0.0124,0.1322,0.364,0.1195,0.0535,0.033,0.0463,0.1013,0.103,0.0347,0.0,False
13077,Coweta,2003,22464,24523,-8.4,1671.0,1529.0,431.0,833.0,1496.0,4823.0,161.0,498.0,596.0,,1445.0,0.0119,0.1239,0.3577,0.1072,0.0618,0.032,0.0442,0.1134,0.111,0.0369,,False
13077,Coweta,2004,23619,24523,-3.7,1827.0,1480.0,439.0,817.0,1615.0,4727.0,146.0,528.0,746.0,0.0,1567.0,0.0105,0.1315,0.3403,0.1128,0.0588,0.0316,0.0537,0.1065,0.1163,0.038,0.0,False
13077,Coweta,2005,24118,24523,-1.7,1769.0,1544.0,474.0,642.0,1747.0,4411.0,142.0,512.0,857.0,,1635.0,0.0103,0.1288,0.3212,0.1191,0.0467,0.0345,0.0624,0.1124,0.1272,0.0373,,False
13077,Coweta,2006,25500,24523,4.0,1856.0,1610.0,512.0,766.0,1902.0,4674.0,109.0,586.0,872.0,,1711.0,0.0075,0.1271,0.3202,0.1172,0.0525,0.0351,0.0597,0.1103,0.1303,0.0401,,False
13077,Coweta,2007,27137,24523,10.7,1893.0,1595.0,526.0,803.0,2110.0,4899.0,113.0,693.0,928.0,,1873.0,0.0073,0.1227,0.3174,0.1214,0.052,0.0341,0.0601,0.1033,0.1367,0.0449,,False
13077,Coweta,2008,26951,24523,9.9,1959.0,1540.0,568.0,709.0,2044.0,4912.0,109.0,755.0,836.0,,1924.0,0.0071,0.1276,0.3199,0.1253,0.0462,0.037,0.0544,0.1003,0.1331,0.0492,,False
13077,Coweta,2009,24720,24523,0.8,1654.0,1598.0,512.0,586.0,1910.0,4316.0,96.0,720.0,742.0,,1770.0,0.0069,0.119,0.3104,0.1273,0.0421,0.0368,0.0534,0.1149,0.1374,0.0518,,False
13077,Coweta,2010,24523,24523,0.0,1326.0,1700.0,510.0,563.0,1929.0,3960.0,47.0,750.0,828.0,,1775.0,0.0035,0.099,0.2958,0.1326,0.0421,0.0381,0.0618,0.127,0.1441,0.056,,False
13077,Coweta,2011,24791,24523,1.1,1231.0,1720.0,470.0,582.0,1960.0,3992.0,35.0,735.0,922.0,,1785.0,0.0026,0.0916,0.2972,0.1329,0.0433,0.035,0.0686,0.1281,0.1459,0.0547,,False
13077,Coweta,2012,25282,24523,3.1,1066.0,1830.0,457.0,637.0,1958.0,4065.0,36.0,729.0,1035.0,,1788.0,0.0026,0.0784,0.2989,0.1315,0.0468,0.0336,0.0761,0.1345,0.144,0.0536,,False
13077,Coweta,2013,27111,24523,10.6,1146.0,2246.0,446.0,707.0,2089.0,4151.0,26.0,765.0,1187.0,,1796.0,0.0018,0.0787,0.2851,0.1234,0.0486,0.0306,0.0815,0.1543,0.1435,0.0525,,False
13077,Coweta,2014,29366,24523,19.7,1204.0,2474.0,460.0,765.0,2158.0,4609.0,36.0,878.0,1344.0,,1915.0,0.0023,0.076,0.2909,0.1209,0.0483,0.029,0.0848,0.1562,0.1362,0.0554,,False
13077,Coweta,2015,30671,24523,25.1,1412.0,2774.0,452.0,774.0,2124.0,4941.0,34.0,973.0,1332.0,,1960.0,0.002,0.0842,0.2945,0.1168,0.0461,0.0269,0.0794,0.1654,0.1266,0.058,,False
13077,Coweta,2016,31341,24523,27.8,1596.0,2883.0,493.0,670.0,2202.0,5249.0,45.0,930.0,1181.0,,2038.0,0.0026,0.0923,0.3036,0.1179,0.0388,0.0285,0.0683,0.1668,0.1274,0.0538,,False
13077,Coweta,2017,31920,24523,30.2,1712.0,2872.0,506.0,552.0,2400.0,5566.0,47.0,882.0,1062.0,0.0,2104.0,0.0027,0.0967,0.3144,0.1188,0.0312,0.0286,0.06,0.1622,0.1356,0.0498,0.0,False
13077,Coweta,2018,33908,24523,38.3,1775.0,3029.0,527.0,406.0,2486.0,5944.0,48.0,874.0,1221.0,,2280.0,0.0026,0.0955,0.3197,0.1226,0.0218,0.0283,0.0657,0.1629,0.1337,0.047,,False
13077,Coweta,2019,34514,24523,40.7,1738.0,3192.0,526.0,354.0,2596.0,5777.0,50.0,960.0,1366.0,,2227.0,0.0027,0.0925,0.3075,0.1185,0.0188,0.028,0.0727,0.1699,0.1382,0.0511,,False
13077,Coweta,2020,34109,24523,39.1,1834.0,3162.0,539.0,300.0,2411.0,5584.0,61.0,925.0,1416.0,,2233.0,0.0033,0.0993,0.3024,0.1209,0.0162,0.0292,0.0767,0.1712,0.1306,0.0501,,False
13077,Coweta,2021,38210,24523,55.8,2416.0,3449.0,562.0,317.0,2488.0,6009.0,100.0,970.0,1563.0,,2678.0,0.0049,0.1176,0.2924,0.1303,0.0154,0.0273,0.0761,0.1678,0.1211,0.0472,,False
13077,Coweta,2022,41351,24523,68.6,2489.0,3505.0,639.0,428.0,2585.0,6513.0,62.0,943.0,1935.0,0.0,2913.0,0.0028,0.1131,0.2959,0.1323,0.0194,0.029,0.0879,0.1592,0.1174,0.0428,0.0,False
13077,Coweta,2023,42740,24523,74.3,2676.0,3727.0,793.0,466.0,2728.0,6688.0,46.0,1037.0,1969.0,0.0,2852.0,0.002,0.1164,0.291,0.1241,0.0203,0.0345,0.0857,0.1622,0.1187,0.0451,0.0,False
13077,Coweta,2024,42867,24523,74.8,2953.0,3820.0,824.0,495.0,2839.0,6621.0,52.0,1167.0,1805.0,,2799.0,0.0022,0.1263,0.2833,0.1197,0.0212,0.0353,0.0772,0.1634,0.1215,0.0499,,False
13077,Coweta,2025,42663,24523,74.0,3003.0,3982.0,844.0,499.0,2985.0,6222.0,45.0,1151.0,1673.0,,2776.0,0.0019,0.1296,0.2684,0.1198,0.0215,0.0364,0.0722,0.1718,0.1288,0.0497,,False
13085,Dawson,2000,3330,5365,-37.9,317.0,57.0,65.0,8.0,262.0,609.0,17.0,131.0,152.0,,392.0,0.0085,0.1577,0.303,0.195,0.004,0.0323,0.0756,0.0284,0.1303,0.0652,,False
13085,Dawson,2001,3346,5365,-37.6,318.0,69.0,75.0,12.0,239.0,526.0,18.0,136.0,169.0,,411.0,0.0091,0.1612,0.2666,0.2083,0.0061,0.038,0.0857,0.035,0.1211,0.0689,,False
13085,Dawson,2002,3625,5365,-32.4,365.0,93.0,59.0,16.0,197.0,585.0,21.0,117.0,168.0,,481.0,0.01,0.1736,0.2783,0.2288,0.0076,0.0281,0.0799,0.0442,0.0937,0.0557,,False
13085,Dawson,2003,3540,5365,-34.0,371.0,108.0,54.0,17.0,174.0,484.0,26.0,122.0,206.0,,479.0,0.0127,0.1818,0.2371,0.2347,0.0083,0.0265,0.1009,0.0529,0.0853,0.0598,,False
13085,Dawson,2004,3704,5365,-31.0,427.0,106.0,55.0,15.0,196.0,468.0,20.0,155.0,198.0,,503.0,0.0093,0.1993,0.2184,0.2347,0.007,0.0257,0.0924,0.0495,0.0915,0.0723,,False
13085,Dawson,2005,4287,5365,-20.1,452.0,140.0,67.0,40.0,288.0,487.0,21.0,142.0,160.0,,598.0,0.0088,0.1887,0.2033,0.2497,0.0167,0.028,0.0668,0.0585,0.1203,0.0593,,False
13085,Dawson,2006,5032,5365,-6.2,520.0,155.0,72.0,52.0,398.0,527.0,20.0,140.0,266.0,,664.0,0.0071,0.1848,0.1873,0.236,0.0185,0.0256,0.0945,0.0551,0.1414,0.0498,,False
13085,Dawson,2007,5785,5365,7.8,536.0,184.0,89.0,64.0,468.0,476.0,13.0,150.0,465.0,,711.0,0.0041,0.1698,0.1508,0.2253,0.0203,0.0282,0.1473,0.0583,0.1483,0.0475,,False
13085,Dawson,2008,5769,5365,7.5,459.0,197.0,77.0,61.0,469.0,477.0,18.0,144.0,427.0,,754.0,0.0058,0.1489,0.1547,0.2446,0.0198,0.025,0.1385,0.0639,0.1521,0.0467,,False
13085,Dawson,2009,5291,5365,-1.4,318.0,193.0,75.0,51.0,410.0,424.0,12.0,119.0,305.0,,739.0,0.0045,0.1202,0.1602,0.2793,0.0193,0.0283,0.1153,0.0729,0.155,0.045,,False
13085,Dawson,2010,5365,5365,0.0,289.0,195.0,77.0,45.0,386.0,416.0,14.0,132.0,120.0,,971.0,0.0053,0.1093,0.1573,0.3671,0.017,0.0291,0.0454,0.0737,0.1459,0.0499,,False
13085,Dawson,2011,5761,5365,7.4,261.0,205.0,76.0,44.0,358.0,433.0,15.0,133.0,160.0,,868.0,0.0059,0.1022,0.1696,0.34,0.0172,0.0298,0.0627,0.0803,0.1402,0.0521,,False
13085,Dawson,2012,6004,5365,11.9,213.0,237.0,75.0,43.0,382.0,436.0,12.0,128.0,196.0,,1038.0,0.0043,0.0772,0.158,0.3761,0.0156,0.0272,0.071,0.0859,0.1384,0.0464,,False
13085,Dawson,2013,5898,5365,9.9,208.0,234.0,74.0,44.0,427.0,456.0,13.0,125.0,153.0,,1087.0,0.0046,0.0737,0.1616,0.3853,0.0156,0.0262,0.0542,0.0829,0.1514,0.0443,,False
13085,Dawson,2014,5796,5365,8.0,216.0,194.0,74.0,50.0,437.0,454.0,13.0,129.0,136.0,,1079.0,0.0047,0.0776,0.1632,0.3879,0.018,0.0266,0.0489,0.0697,0.1571,0.0464,,False
13085,Dawson,2015,6487,5365,20.9,223.0,251.0,78.0,42.0,487.0,753.0,18.0,154.0,143.0,,1099.0,0.0055,0.0687,0.2318,0.3384,0.0129,0.024,0.044,0.0773,0.1499,0.0474,,False
13085,Dawson,2016,6524,5365,21.6,261.0,202.0,103.0,45.0,549.0,993.0,21.0,188.0,202.0,,961.0,0.006,0.074,0.2817,0.2726,0.0128,0.0292,0.0573,0.0573,0.1557,0.0533,,False
13085,Dawson,2017,6950,5365,29.5,258.0,344.0,95.0,45.0,604.0,966.0,18.0,220.0,211.0,,977.0,0.0048,0.069,0.2584,0.2614,0.012,0.0254,0.0564,0.092,0.1616,0.0589,,False
13085,Dawson,2018,7358,5365,37.1,292.0,401.0,103.0,59.0,658.0,1005.0,16.0,234.0,212.0,,1001.0,0.004,0.0733,0.2524,0.2514,0.0148,0.0259,0.0533,0.1007,0.1653,0.0588,,False
13085,Dawson,2019,7390,5365,37.7,381.0,258.0,91.0,69.0,709.0,1089.0,17.0,269.0,230.0,,996.0,0.0041,0.0927,0.265,0.2424,0.0168,0.0221,0.056,0.0628,0.1725,0.0655,,False
13085,Dawson,2020,7267,5365,35.5,406.0,273.0,86.0,46.0,693.0,986.0,10.0,280.0,222.0,,978.0,0.0025,0.102,0.2477,0.2457,0.0116,0.0216,0.0558,0.0686,0.1741,0.0704,,False
13085,Dawson,2021,7569,5365,41.1,474.0,298.0,105.0,46.0,761.0,881.0,26.0,270.0,300.0,,980.0,0.0063,0.1145,0.2128,0.2367,0.0111,0.0254,0.0724,0.072,0.1838,0.0652,,False
13085,Dawson,2022,8341,5365,55.5,501.0,335.0,141.0,86.0,898.0,912.0,26.0,281.0,288.0,,1022.0,0.0058,0.1116,0.2031,0.2276,0.0192,0.0314,0.0641,0.0746,0.2,0.0626,,False
13085,Dawson,2023,8768,5365,63.4,537.0,312.0,161.0,63.0,947.0,945.0,27.0,313.0,339.0,,1062.0,0.0057,0.1141,0.2008,0.2257,0.0134,0.0342,0.072,0.0663,0.2012,0.0665,,False
13085,Dawson,2024,9331,5365,73.9,542.0,352.0,191.0,117.0,1044.0,1042.0,22.0,335.0,270.0,,1095.0,0.0044,0.1082,0.208,0.2186,0.0234,0.0381,0.0539,0.0703,0.2084,0.0669,,False
13085,Dawson,2025,9625,5365,79.4,534.0,411.0,196.0,78.0,1250.0,985.0,16.0,340.0,235.0,,1084.0,0.0031,0.1041,0.192,0.2113,0.0152,0.0382,0.0458,0.0801,0.2437,0.0663,,False
13089,DeKalb,2000,309300,248920,24.3,15994.0,17796.0,11046.0,23316.0,11472.0,27726.0,416.0,9477.0,23340.0,,20327.0,0.0026,0.0994,0.1723,0.1263,0.1449,0.0686,0.1451,0.1106,0.0713,0.0589,,True
13089,DeKalb,2001,303903,248920,22.1,15236.0,18384.0,10719.0,21625.0,12191.0,25264.0,433.0,9350.0,22633.0,,20269.0,0.0028,0.0976,0.1618,0.1298,0.1385,0.0687,0.145,0.1178,0.0781,0.0599,,True
13089,DeKalb,2002,281758,248920,13.2,12506.0,18742.0,9520.0,19045.0,10924.0,22391.0,552.0,10032.0,21332.0,,18578.0,0.0038,0.0871,0.1559,0.1294,0.1326,0.0663,0.1485,0.1305,0.0761,0.0699,,True
13089,DeKalb,2003,272564,248920,9.5,11623.0,23663.0,9674.0,18493.0,11382.0,21366.0,213.0,9954.0,16446.0,,17982.0,0.0015,0.0826,0.1518,0.1277,0.1313,0.0687,0.1168,0.1681,0.0808,0.0707,,True
13089,DeKalb,2004,279778,248920,12.4,12105.0,25845.0,9939.0,17542.0,11607.0,21024.0,213.0,10468.0,17118.0,,18019.0,0.0015,0.0841,0.1461,0.1252,0.1219,0.0691,0.119,0.1796,0.0807,0.0728,,True
13089,DeKalb,2005,276933,248920,11.3,12248.0,26458.0,9476.0,15758.0,11808.0,20139.0,197.0,10140.0,16953.0,,17978.0,0.0014,0.0868,0.1427,0.1274,0.1116,0.0671,0.1201,0.1874,0.0837,0.0718,,True
13089,DeKalb,2006,278691,248920,12.0,12353.0,26952.0,9842.0,12420.0,12315.0,19748.0,181.0,10277.0,17833.0,,17954.0,0.0013,0.0883,0.1412,0.1284,0.0888,0.0704,0.1275,0.1927,0.088,0.0735,,True
13089,DeKalb,2007,277132,248920,11.3,12843.0,27589.0,8963.0,12127.0,12749.0,17981.0,129.0,10964.0,17589.0,,17898.0,0.0009,0.0925,0.1295,0.1289,0.0874,0.0646,0.1267,0.1987,0.0918,0.079,,True
13089,DeKalb,2008,272111,248920,9.3,12865.0,28186.0,8092.0,12164.0,12909.0,15678.0,85.0,10451.0,17701.0,,17326.0,0.0006,0.095,0.1157,0.1279,0.0898,0.0597,0.1307,0.2081,0.0953,0.0772,,True
13089,DeKalb,2009,255933,248920,2.8,10205.0,28360.0,7622.0,13909.0,12317.0,12932.0,65.0,9919.0,15965.0,,16088.0,0.0005,0.0801,0.1015,0.1263,0.1092,0.0598,0.1253,0.2226,0.0967,0.0779,,True
13089,DeKalb,2010,248920,248920,0.0,9668.0,28783.0,7080.0,15060.0,12018.0,11940.0,57.0,9224.0,14792.0,,15694.0,0.0005,0.0778,0.096,0.1262,0.1211,0.057,0.119,0.2315,0.0967,0.0742,,True
13089,DeKalb,2011,253860,248920,2.0,10088.0,29654.0,7264.0,14343.0,12401.0,12772.0,56.0,9401.0,15367.0,,15602.0,0.0004,0.0795,0.1006,0.1229,0.113,0.0572,0.121,0.2336,0.0977,0.0741,,True
13089,DeKalb,2012,255444,248920,2.6,9712.0,30779.0,7418.0,14398.0,12676.0,12998.0,46.0,9072.0,15064.0,,15558.0,0.0004,0.076,0.1018,0.1218,0.1127,0.0581,0.1179,0.241,0.0992,0.071,,True
13089,DeKalb,2013,258820,248920,4.0,10255.0,31078.0,8054.0,14860.0,12972.0,13228.0,44.0,10377.0,14841.0,,15320.0,0.0003,0.0783,0.101,0.1169,0.1134,0.0615,0.1133,0.2372,0.099,0.0792,,True
13089,DeKalb,2014,263772,248920,6.0,10659.0,31954.0,8144.0,15242.0,13603.0,13343.0,42.0,9250.0,15023.0,,15680.0,0.0003,0.0802,0.1004,0.1179,0.1147,0.0613,0.113,0.2404,0.1023,0.0696,,True
13089,DeKalb,2015,270482,248920,8.7,11000.0,33316.0,8234.0,12931.0,14160.0,13182.0,46.0,9558.0,15299.0,,16601.0,0.0003,0.0819,0.0981,0.1236,0.0963,0.0613,0.1139,0.248,0.1054,0.0712,,True
13089,DeKalb,2016,275959,248920,10.9,10439.0,34218.0,8684.0,12189.0,14448.0,12969.0,87.0,10070.0,15952.0,0.0,16890.0,0.0006,0.0768,0.0954,0.1242,0.0897,0.0639,0.1173,0.2517,0.1063,0.0741,0.0,True
13089,DeKalb,2017,281365,248920,13.0,10436.0,34722.0,9585.0,13712.0,14981.0,13413.0,97.0,9779.0,16404.0,0.0,16510.0,0.0007,0.0747,0.0961,0.1182,0.0982,0.0686,0.1175,0.2487,0.1073,0.07,0.0,True
13089,DeKalb,2018,284446,248920,14.3,11123.0,35105.0,9589.0,13177.0,15428.0,13615.0,95.0,10318.0,16828.0,0.0,16324.0,0.0007,0.0786,0.0961,0.1153,0.0931,0.0677,0.1188,0.2479,0.109,0.0729,0.0,True
13089,DeKalb,2019,285024,248920,14.5,10565.0,36558.0,9846.0,11508.0,15426.0,13716.0,97.0,9879.0,16744.0,0.0,16317.0,0.0007,0.0751,0.0975,0.116,0.0818,0.07,0.119,0.2599,0.1097,0.0702,0.0,True
13089,DeKalb,2020,272284,248920,9.4,9573.0,36079.0,9820.0,11272.0,12954.0,13238.0,119.0,8674.0,16106.0,0.0,15816.0,0.0009,0.0716,0.099,0.1183,0.0843,0.0735,0.1205,0.2699,0.0969,0.0649,0.0,True
13089,DeKalb,2021,278876,248920,12.0,9560.0,36860.0,10538.0,11333.0,12943.0,13432.0,118.0,8631.0,16734.0,0.0,16200.0,0.0009,0.0701,0.0985,0.1188,0.0831,0.0773,0.1227,0.2703,0.0949,0.0633,0.0,True
13089,DeKalb,2022,292877,248920,17.7,9427.0,39006.0,11308.0,12196.0,13819.0,13698.0,124.0,9011.0,17959.0,4.0,16538.0,0.0009,0.0659,0.0957,0.1156,0.0852,0.079,0.1255,0.2726,0.0966,0.063,0.0,True
13089,DeKalb,2023,305528,248920,22.7,9773.0,41732.0,12027.0,12630.0,14596.0,13887.0,106.0,8866.0,19684.0,0.0,16099.0,0.0007,0.0654,0.093,0.1078,0.0845,0.0805,0.1318,0.2793,0.0977,0.0593,0.0,True
13089,DeKalb,2024,310278,248920,24.6,9875.0,44769.0,12664.0,11200.0,14607.0,13491.0,136.0,9072.0,19013.0,,16312.0,0.0009,0.0653,0.0893,0.1079,0.0741,0.0838,0.1258,0.2962,0.0966,0.06,,True
13089,DeKalb,2025,313305,248920,25.9,9814.0,46052.0,12828.0,10705.0,14717.0,12475.0,156.0,9634.0,19297.0,,16320.0,0.001,0.0646,0.0821,0.1074,0.0704,0.0844,0.127,0.303,0.0968,0.0634,,True
13097,Douglas,2000,28654,32133,-10.8,2522.0,1360.0,492.0,361.0,1847.0,3358.0,23.0,1731.0,1697.0,,2024.0,0.0015,0.1636,0.2178,0.1313,0.0234,0.0319,0.1101,0.0882,0.1198,0.1123,,True
13097,Douglas,2001,30183,32133,-6.1,2628.0,1305.0,451.0,839.0,1886.0,3494.0,40.0,1786.0,1573.0,,2334.0,0.0024,0.1609,0.2139,0.1429,0.0514,0.0276,0.0963,0.0799,0.1155,0.1093,,True
13097,Douglas,2002,30394,32133,-5.4,2513.0,1301.0,557.0,335.0,1910.0,3918.0,46.0,1565.0,1472.0,,3338.0,0.0027,0.1482,0.2311,0.1969,0.0198,0.0329,0.0868,0.0767,0.1127,0.0923,,True
13097,Douglas,2003,30988,32133,-3.6,2439.0,1407.0,632.0,361.0,1951.0,3813.0,55.0,1458.0,1418.0,,3523.0,0.0032,0.143,0.2235,0.2065,0.0212,0.0371,0.0831,0.0825,0.1144,0.0855,,True
13097,Douglas,2004,32469,32133,1.0,2610.0,1573.0,652.0,341.0,2037.0,3989.0,61.0,1128.0,1491.0,,3759.0,0.0035,0.148,0.2261,0.2131,0.0193,0.037,0.0845,0.0892,0.1155,0.0639,,True
13097,Douglas,2005,33244,32133,3.5,2796.0,1677.0,704.0,306.0,2140.0,3994.0,60.0,1060.0,1610.0,,3412.0,0.0034,0.1574,0.2249,0.1921,0.0172,0.0396,0.0907,0.0944,0.1205,0.0597,,True
13097,Douglas,2006,35280,32133,9.8,3089.0,1752.0,720.0,296.0,2311.0,3969.0,57.0,1185.0,1674.0,,3010.0,0.0032,0.171,0.2197,0.1666,0.0164,0.0399,0.0927,0.097,0.1279,0.0656,,True
13097,Douglas,2007,36955,32133,15.0,3090.0,2054.0,760.0,304.0,2449.0,3926.0,79.0,1226.0,1677.0,,3186.0,0.0042,0.1648,0.2094,0.1699,0.0162,0.0405,0.0894,0.1095,0.1306,0.0654,,True
13097,Douglas,2008,36226,32133,12.7,3087.0,2097.0,748.0,320.0,2414.0,4072.0,70.0,1014.0,1411.0,,3225.0,0.0038,0.1672,0.2206,0.1747,0.0173,0.0405,0.0764,0.1136,0.1308,0.0549,,True
13097,Douglas,2009,32752,32133,1.9,2512.0,2123.0,612.0,300.0,2251.0,3455.0,56.0,940.0,1199.0,,2978.0,0.0034,0.1529,0.2103,0.1813,0.0183,0.0373,0.073,0.1292,0.137,0.0572,,True
13097,Douglas,2010,32133,32133,0.0,2240.0,2056.0,615.0,254.0,2212.0,3270.0,12.0,924.0,1416.0,,2844.0,0.0008,0.1414,0.2064,0.1795,0.016,0.0388,0.0894,0.1298,0.1396,0.0583,,True
13097,Douglas,2011,32612,32133,1.5,2218.0,2046.0,621.0,248.0,2218.0,3188.0,0.0,906.0,1526.0,,2913.0,0.0,0.1396,0.2007,0.1834,0.0156,0.0391,0.0961,0.1288,0.1396,0.057,,True
13097,Douglas,2012,32942,32133,2.5,2171.0,2101.0,667.0,248.0,2306.0,3230.0,17.0,927.0,1724.0,,2748.0,0.0011,0.1345,0.2001,0.1703,0.0154,0.0413,0.1068,0.1302,0.1429,0.0574,,True
13097,Douglas,2013,33004,32133,2.7,2110.0,2172.0,687.0,223.0,2406.0,3288.0,24.0,995.0,1666.0,,2703.0,0.0015,0.1297,0.202,0.1661,0.0137,0.0422,0.1024,0.1335,0.1478,0.0611,,True
13097,Douglas,2014,34622,32133,7.7,2030.0,2143.0,725.0,223.0,2563.0,3662.0,9.0,1033.0,1707.0,,2909.0,0.0005,0.1194,0.2154,0.1711,0.0131,0.0426,0.1004,0.126,0.1507,0.0608,,True
13097,Douglas,2015,37566,32133,16.9,1938.0,2070.0,686.0,193.0,2495.0,4005.0,10.0,1057.0,2354.0,,3188.0,0.0006,0.1077,0.2225,0.1772,0.0107,0.0381,0.1308,0.115,0.1386,0.0587,,True
13097,Douglas,2016,38805,32133,20.8,1993.0,2194.0,631.0,192.0,2646.0,4306.0,9.0,1034.0,2001.0,,3570.0,0.0005,0.1073,0.2318,0.1922,0.0103,0.034,0.1077,0.1181,0.1424,0.0557,,True
13097,Douglas,2017,39433,32133,22.7,1982.0,2260.0,629.0,254.0,2686.0,4546.0,8.0,1095.0,1777.0,,3753.0,0.0004,0.1044,0.2394,0.1976,0.0134,0.0331,0.0936,0.119,0.1414,0.0577,,True
13097,Douglas,2018,40011,32133,24.5,2150.0,2293.0,637.0,316.0,2736.0,4614.0,20.0,1058.0,1638.0,,3893.0,0.001,0.1111,0.2384,0.2011,0.0163,0.0329,0.0846,0.1185,0.1414,0.0547,,True
13097,Douglas,2019,39651,32133,23.4,2302.0,2481.0,604.0,314.0,2905.0,4685.0,6.0,1124.0,1455.0,,3710.0,0.0003,0.1175,0.2392,0.1894,0.016,0.0308,0.0743,0.1267,0.1483,0.0574,,True
13097,Douglas,2020,38808,32133,20.8,2284.0,2509.0,566.0,314.0,2551.0,4385.0,0.0,1282.0,1496.0,,3689.0,0.0,0.1197,0.2299,0.1934,0.0165,0.0297,0.0784,0.1315,0.1337,0.0672,,True
13097,Douglas,2021,44153,32133,37.4,2400.0,2636.0,594.0,391.0,2597.0,4390.0,27.0,1828.0,2371.0,,4081.0,0.0013,0.1126,0.206,0.1915,0.0183,0.0279,0.1112,0.1237,0.1218,0.0858,,True
13097,Douglas,2022,46635,32133,45.1,2491.0,2650.0,624.0,226.0,2678.0,3851.0,14.0,1081.0,2484.0,,4892.0,0.0007,0.1187,0.1835,0.2331,0.0108,0.0297,0.1183,0.1262,0.1276,0.0515,,True
13097,Douglas,2023,48649,32133,51.4,2524.0,2840.0,656.0,345.0,2771.0,3502.0,9.0,1139.0,2600.0,,5186.0,0.0004,0.117,0.1623,0.2404,0.016,0.0304,0.1205,0.1317,0.1285,0.0528,,True
13097,Douglas,2024,49906,32133,55.3,2657.0,2945.0,698.0,376.0,2756.0,3696.0,0.0,1244.0,2808.0,,5161.0,0.0,0.1189,0.1654,0.231,0.0168,0.0312,0.1257,0.1318,0.1234,0.0557,,True
13097,Douglas,2025,47990,32133,49.3,2574.0,2965.0,685.0,380.0,2696.0,4532.0,0.0,1196.0,2318.0,,4899.0,0.0,0.1157,0.2037,0.2202,0.0171,0.0308,0.1042,0.1333,0.1212,0.0538,,True
13113,Fayette,2000,28097,31594,-11.1,3182.0,1517.0,579.0,316.0,1656.0,5329.0,32.0,1170.0,925.0,,2586.0,0.0019,0.184,0.3082,0.1495,0.0183,0.0335,0.0535,0.0877,0.0958,0.0677,,True
13113,Fayette,2001,28590,31594,-9.5,3163.0,1586.0,585.0,357.0,1648.0,5163.0,34.0,1181.0,944.0,,2729.0,0.002,0.1819,0.2969,0.1569,0.0205,0.0336,0.0543,0.0912,0.0948,0.0679,,True
13113,Fayette,2002,30206,31594,-4.4,3342.0,1773.0,636.0,361.0,1730.0,4363.0,33.0,1326.0,1059.0,,3101.0,0.0019,0.1886,0.2462,0.175,0.0204,0.0359,0.0597,0.1,0.0976,0.0748,,True
13113,Fayette,2003,30238,31594,-4.3,3222.0,1869.0,685.0,361.0,1846.0,4003.0,29.0,1369.0,980.0,,3162.0,0.0017,0.1838,0.2284,0.1804,0.0206,0.0391,0.0559,0.1066,0.1053,0.0781,,True
13113,Fayette,2004,31936,31594,1.1,3492.0,2025.0,705.0,366.0,1882.0,3893.0,33.0,1388.0,1159.0,,3346.0,0.0018,0.1909,0.2129,0.183,0.02,0.0385,0.0634,0.1107,0.1029,0.0759,,True
13113,Fayette,2005,32707,31594,3.5,3540.0,2042.0,767.0,334.0,1967.0,3650.0,30.0,1459.0,1237.0,,3466.0,0.0016,0.1914,0.1974,0.1874,0.0181,0.0415,0.0669,0.1104,0.1064,0.0789,,True
13113,Fayette,2006,35064,31594,11.0,3656.0,2236.0,838.0,400.0,2151.0,3530.0,33.0,1546.0,1342.0,,3792.0,0.0017,0.1873,0.1808,0.1942,0.0205,0.0429,0.0687,0.1145,0.1102,0.0792,,True
13113,Fayette,2007,36100,31594,14.3,3625.0,2414.0,805.0,417.0,2274.0,3457.0,41.0,1600.0,1378.0,,3931.0,0.0021,0.1818,0.1734,0.1971,0.0209,0.0404,0.0691,0.1211,0.114,0.0802,,True
13113,Fayette,2008,35643,31594,12.8,3241.0,2702.0,728.0,372.0,2240.0,3266.0,28.0,1652.0,1348.0,,3335.0,0.0015,0.1714,0.1727,0.1763,0.0197,0.0385,0.0713,0.1429,0.1184,0.0874,,True
13113,Fayette,2009,32575,31594,3.1,2472.0,2836.0,666.0,347.0,2190.0,2805.0,28.0,1503.0,1130.0,,3543.0,0.0016,0.1411,0.1601,0.2022,0.0198,0.038,0.0645,0.1619,0.125,0.0858,,True
13113,Fayette,2010,31594,31594,0.0,2176.0,2932.0,693.0,338.0,2124.0,2330.0,27.0,1472.0,1073.0,,2803.0,0.0017,0.1363,0.1459,0.1755,0.0212,0.0434,0.0672,0.1836,0.133,0.0922,,True
13113,Fayette,2011,32733,31594,3.6,2221.0,3148.0,728.0,326.0,2260.0,2394.0,26.0,1496.0,1069.0,,2691.0,0.0016,0.1358,0.1463,0.1645,0.0199,0.0445,0.0653,0.1924,0.1382,0.0914,,True
13113,Fayette,2012,33310,31594,5.4,2269.0,3239.0,710.0,346.0,2388.0,2410.0,28.0,1534.0,1121.0,,2844.0,0.0017,0.1343,0.1427,0.1684,0.0205,0.042,0.0664,0.1918,0.1414,0.0908,,True
13113,Fayette,2013,34175,31594,8.2,2322.0,3315.0,718.0,310.0,2608.0,2678.0,30.0,1578.0,1080.0,,2679.0,0.0017,0.1341,0.1546,0.1547,0.0179,0.0415,0.0624,0.1914,0.1506,0.0911,,True
13113,Fayette,2014,35063,31594,11.0,2668.0,3268.0,727.0,337.0,2816.0,2712.0,31.0,1626.0,1132.0,,2662.0,0.0017,0.1484,0.1508,0.1481,0.0187,0.0404,0.063,0.1818,0.1566,0.0904,,True
13113,Fayette,2015,36628,31594,15.9,3056.0,3152.0,747.0,320.0,2951.0,3068.0,28.0,1672.0,1288.0,,3630.0,0.0014,0.1535,0.1541,0.1823,0.0161,0.0375,0.0647,0.1583,0.1482,0.084,,True
13113,Fayette,2016,37682,31594,19.3,3253.0,3292.0,734.0,384.0,3186.0,3110.0,31.0,1830.0,1213.0,0.0,3380.0,0.0015,0.1594,0.1524,0.1656,0.0188,0.036,0.0594,0.1613,0.1561,0.0896,0.0,True
13113,Fayette,2017,39426,31594,24.8,3506.0,3462.0,777.0,451.0,3369.0,3421.0,32.0,1864.0,1238.0,0.0,3441.0,0.0015,0.1626,0.1587,0.1596,0.0209,0.036,0.0574,0.1606,0.1563,0.0865,0.0,True
13113,Fayette,2018,41163,31594,30.3,3642.0,3756.0,831.0,380.0,3506.0,3780.0,34.0,1881.0,1313.0,,3761.0,0.0015,0.1592,0.1652,0.1644,0.0166,0.0363,0.0574,0.1641,0.1532,0.0822,,True
13113,Fayette,2019,42597,31594,34.8,3740.0,3989.0,895.0,374.0,3665.0,3974.0,54.0,2036.0,1351.0,0.0,3735.0,0.0023,0.1571,0.1669,0.1568,0.0157,0.0376,0.0567,0.1675,0.1539,0.0855,0.0,True
13113,Fayette,2020,41034,31594,29.9,3895.0,3720.0,916.0,290.0,3210.0,3957.0,60.0,1875.0,1373.0,0.0,2772.0,0.0027,0.1765,0.1793,0.1256,0.0131,0.0415,0.0622,0.1686,0.1455,0.085,0.0,True
13113,Fayette,2021,42283,31594,33.8,3951.0,3757.0,933.0,318.0,3391.0,3982.0,62.0,1896.0,1483.0,0.0,2849.0,0.0027,0.1747,0.176,0.1259,0.0141,0.0412,0.0656,0.1661,0.1499,0.0838,0.0,True
13113,Fayette,2022,45836,31594,45.1,4003.0,4033.0,996.0,338.0,3677.0,5148.0,60.0,1994.0,1600.0,0.0,3005.0,0.0024,0.1611,0.2071,0.1209,0.0136,0.0401,0.0644,0.1623,0.1479,0.0802,0.0,True
13113,Fayette,2023,47434,31594,50.1,3904.0,4269.0,979.0,374.0,3995.0,4914.0,61.0,1955.0,1604.0,0.0,3216.0,0.0024,0.1545,0.1945,0.1273,0.0148,0.0387,0.0635,0.1689,0.1581,0.0774,0.0,True
13113,Fayette,2024,47994,31594,51.9,3651.0,4739.0,919.0,330.0,3896.0,5272.0,64.0,2001.0,1523.0,,3234.0,0.0025,0.1425,0.2057,0.1262,0.0129,0.0359,0.0594,0.1849,0.152,0.0781,,True
13113,Fayette,2025,47403,31594,50.0,3853.0,4877.0,881.0,325.0,3844.0,4452.0,63.0,1995.0,1551.0,,3198.0,0.0025,0.1539,0.1778,0.1277,0.013,0.0352,0.0619,0.1948,0.1535,0.0797,,True
13117,Forsyth,2000,37358,52564,-28.9,5717.0,1057.0,763.0,627.0,1269.0,7542.0,95.0,1031.0,2016.0,,2506.0,0.0042,0.2527,0.3334,0.1108,0.0277,0.0337,0.0891,0.0467,0.0561,0.0456,,True
13117,Forsyth,2001,38778,52564,-26.2,5908.0,1226.0,944.0,700.0,1348.0,6986.0,67.0,1053.0,2104.0,,2663.0,0.0029,0.2569,0.3038,0.1158,0.0304,0.041,0.0915,0.0533,0.0586,0.0458,,True
13117,Forsyth,2002,43560,52564,-17.1,6219.0,1710.0,1009.0,834.0,1385.0,7751.0,53.0,1081.0,2439.0,,3011.0,0.0021,0.244,0.3041,0.1181,0.0327,0.0396,0.0957,0.0671,0.0543,0.0424,,True
13117,Forsyth,2003,44056,52564,-16.2,6056.0,1664.0,1034.0,754.0,1612.0,7628.0,50.0,1087.0,2565.0,,3029.0,0.002,0.2377,0.2994,0.1189,0.0296,0.0406,0.1007,0.0653,0.0633,0.0427,,True
13117,Forsyth,2004,46882,52564,-10.8,6816.0,1768.0,1074.0,765.0,1832.0,8279.0,53.0,1142.0,2710.0,,3074.0,0.0019,0.2477,0.3009,0.1117,0.0278,0.039,0.0985,0.0643,0.0666,0.0415,,True
13117,Forsyth,2005,50374,52564,-4.2,7370.0,2004.0,1213.0,664.0,1966.0,8504.0,58.0,1198.0,2859.0,,3394.0,0.002,0.2521,0.2909,0.1161,0.0227,0.0415,0.0978,0.0686,0.0673,0.041,,True
13117,Forsyth,2006,53917,52564,2.6,8122.0,2202.0,1318.0,786.0,2106.0,8686.0,56.0,1432.0,3118.0,,3543.0,0.0018,0.2589,0.2769,0.1129,0.0251,0.042,0.0994,0.0702,0.0671,0.0457,,True
13117,Forsyth,2007,55119,52564,4.9,8115.0,2477.0,1384.0,804.0,2235.0,8414.0,68.0,1449.0,3177.0,,3620.0,0.0021,0.2556,0.2651,0.114,0.0253,0.0436,0.1001,0.078,0.0704,0.0456,,True
13117,Forsyth,2008,56489,52564,7.5,6805.0,2830.0,1220.0,793.0,2472.0,8671.0,64.0,1437.0,3657.0,,3661.0,0.002,0.2153,0.2743,0.1158,0.0251,0.0386,0.1157,0.0895,0.0782,0.0455,,True
13117,Forsyth,2009,52446,52564,-0.2,5079.0,2933.0,1081.0,591.0,2458.0,7809.0,46.0,1337.0,3595.0,,3453.0,0.0016,0.179,0.2751,0.1217,0.0208,0.0381,0.1267,0.1033,0.0866,0.0471,,True
13117,Forsyth,2010,52564,52564,0.0,4512.0,3260.0,1018.0,620.0,2616.0,7646.0,37.0,1294.0,3691.0,,3390.0,0.0013,0.1607,0.2723,0.1207,0.0221,0.0362,0.1314,0.1161,0.0931,0.0461,,True
13117,Forsyth,2011,55384,52564,5.4,4881.0,3491.0,1048.0,630.0,2818.0,8089.0,32.0,1323.0,3875.0,,3515.0,0.0011,0.1643,0.2723,0.1183,0.0212,0.0353,0.1305,0.1175,0.0949,0.0445,,True
13117,Forsyth,2012,59342,52564,12.9,4898.0,3749.0,1224.0,691.0,3354.0,8541.0,27.0,1436.0,4253.0,,3576.0,0.0009,0.1543,0.269,0.1126,0.0218,0.0386,0.134,0.1181,0.1056,0.0452,,True
13117,Forsyth,2013,63228,52564,20.3,4884.0,4042.0,1382.0,771.0,3560.0,8847.0,40.0,1566.0,4681.0,,3767.0,0.0012,0.1456,0.2638,0.1123,0.023,0.0412,0.1396,0.1205,0.1061,0.0467,,True
13117,Forsyth,2014,65824,52564,25.2,5318.0,4252.0,1400.0,871.0,3669.0,8731.0,47.0,1643.0,4870.0,,3979.0,0.0014,0.1529,0.251,0.1144,0.025,0.0403,0.14,0.1223,0.1055,0.0472,,True
13117,Forsyth,2015,68905,52564,31.1,6270.0,4514.0,1344.0,1063.0,3941.0,8051.0,51.0,1720.0,5080.0,,4215.0,0.0014,0.173,0.2221,0.1163,0.0293,0.0371,0.1401,0.1245,0.1087,0.0474,,True
13117,Forsyth,2016,69982,52564,33.1,6627.0,4809.0,1462.0,1045.0,4022.0,8208.0,55.0,1770.0,4862.0,,4262.0,0.0015,0.1785,0.2211,0.1148,0.0282,0.0394,0.131,0.1295,0.1083,0.0477,,True
13117,Forsyth,2017,71837,52564,36.7,6774.0,5080.0,1444.0,1162.0,4043.0,8695.0,64.0,1926.0,4986.0,,4266.0,0.0017,0.1762,0.2262,0.111,0.0302,0.0376,0.1297,0.1322,0.1052,0.0501,,True
13117,Forsyth,2018,72767,52564,38.4,7087.0,4476.0,1477.0,1110.0,4085.0,8705.0,79.0,1879.0,5212.0,,4529.0,0.002,0.1834,0.2253,0.1172,0.0287,0.0382,0.1349,0.1158,0.1057,0.0486,,True
13117,Forsyth,2019,76378,52564,45.3,7536.0,4848.0,1485.0,1233.0,4344.0,9418.0,59.0,1930.0,5296.0,,4725.0,0.0014,0.1844,0.2304,0.1156,0.0302,0.0363,0.1296,0.1186,0.1063,0.0472,,True
13117,Forsyth,2020,76875,52564,46.3,7752.0,5848.0,1561.0,1294.0,4140.0,9166.0,62.0,1751.0,4996.0,0.0,4675.0,0.0015,0.188,0.2222,0.1133,0.0314,0.0378,0.1211,0.1418,0.1004,0.0425,0.0,True
13117,Forsyth,2021,81840,52564,55.7,7940.0,6377.0,1670.0,1328.0,4404.0,9018.0,61.0,2153.0,5461.0,0.0,4998.0,0.0014,0.1829,0.2077,0.1151,0.0306,0.0385,0.1258,0.1469,0.1015,0.0496,0.0,True
13117,Forsyth,2022,82186,52564,56.4,7960.0,5092.0,1740.0,1406.0,4757.0,9283.0,71.0,2026.0,5711.0,0.0,5264.0,0.0016,0.1838,0.2143,0.1215,0.0325,0.0402,0.1319,0.1176,0.1098,0.0468,0.0,True
13117,Forsyth,2023,87959,52564,67.3,8168.0,7460.0,1800.0,1412.0,5116.0,9797.0,78.0,2130.0,5502.0,0.0,5260.0,0.0017,0.1748,0.2097,0.1126,0.0302,0.0385,0.1178,0.1597,0.1095,0.0456,0.0,True
13117,Forsyth,2024,89708,52564,70.7,8550.0,8116.0,1878.0,1419.0,5536.0,9104.0,100.0,2286.0,5143.0,,5415.0,0.0021,0.1798,0.1915,0.1139,0.0298,0.0395,0.1082,0.1707,0.1164,0.0481,,True
13117,Forsyth,2025,89945,52564,71.1,8638.0,8378.0,1784.0,1315.0,5607.0,8721.0,116.0,2382.0,5098.0,,5456.0,0.0024,0.1819,0.1836,0.1149,0.0277,0.0376,0.1073,0.1764,0.1181,0.0502,,True
13121,Fulton,2000,681146,616362,10.5,21376.0,31325.0,36291.0,61202.0,36412.0,42540.0,662.0,23230.0,56217.0,0.0,38684.0,0.0019,0.0614,0.1223,0.1112,0.1759,0.1043,0.1616,0.09,0.1047,0.0668,0.0,True
13121,Fulton,2001,672614,616362,9.1,21112.0,31687.0,37252.0,60348.0,36485.0,40436.0,687.0,23148.0,54382.0,,38050.0,0.002,0.0614,0.1177,0.1107,0.1756,0.1084,0.1583,0.0922,0.1062,0.0674,,True
13121,Fulton,2002,637154,616362,3.4,19675.0,31386.0,36361.0,59104.0,36135.0,38126.0,1081.0,21890.0,49964.0,,34636.0,0.0033,0.0599,0.1161,0.1055,0.18,0.1107,0.1522,0.0956,0.11,0.0667,,True
13121,Fulton,2003,615652,616362,-0.1,19071.0,31491.0,35559.0,54590.0,36484.0,36750.0,1000.0,21769.0,47695.0,,32830.0,0.0032,0.0601,0.1158,0.1035,0.1721,0.1121,0.1503,0.0993,0.115,0.0686,,True
13121,Fulton,2004,623844,616362,1.2,19793.0,34193.0,35758.0,53504.0,38412.0,37322.0,546.0,21081.0,49171.0,0.0,31699.0,0.0017,0.0616,0.1161,0.0986,0.1664,0.1112,0.153,0.1064,0.1195,0.0656,0.0,True
13121,Fulton,2005,636934,616362,3.3,20854.0,34950.0,37468.0,53406.0,38626.0,35193.0,499.0,20242.0,50291.0,0.0,33320.0,0.0015,0.0642,0.1083,0.1026,0.1644,0.1153,0.1548,0.1076,0.1189,0.0623,0.0,True
13121,Fulton,2006,653215,616362,6.0,21679.0,35906.0,38672.0,55417.0,39646.0,35614.0,449.0,21808.0,51616.0,0.0,33622.0,0.0013,0.0648,0.1065,0.1005,0.1657,0.1156,0.1543,0.1074,0.1185,0.0652,0.0,True
13121,Fulton,2007,660744,616362,7.2,22055.0,36649.0,39498.0,53058.0,40698.0,33043.0,466.0,21882.0,52946.0,0.0,34308.0,0.0014,0.0659,0.0988,0.1025,0.1586,0.118,0.1582,0.1095,0.1216,0.0654,0.0,True
13121,Fulton,2008,661105,616362,7.3,21377.0,37691.0,38512.0,51413.0,41009.0,31869.0,165.0,21495.0,54051.0,0.0,34507.0,0.0005,0.0644,0.096,0.1039,0.1548,0.116,0.1628,0.1135,0.1235,0.0647,0.0,True
13121,Fulton,2009,625958,616362,1.6,17578.0,40400.0,35892.0,47564.0,39034.0,27779.0,145.0,20836.0,50601.0,0.0,32363.0,0.0005,0.0563,0.089,0.1037,0.1524,0.115,0.1621,0.1294,0.125,0.0667,0.0,True
13121,Fulton,2010,616362,616362,0.0,15320.0,41730.0,34476.0,45138.0,38436.0,25554.0,136.0,20534.0,51415.0,0.0,31501.0,0.0004,0.0504,0.084,0.1035,0.1484,0.1133,0.169,0.1372,0.1263,0.0675,0.0,True
13121,Fulton,2011,631504,616362,2.5,14569.0,42881.0,34164.0,46964.0,39394.0,25048.0,151.0,20569.0,54270.0,0.0,32089.0,0.0005,0.047,0.0808,0.1035,0.1514,0.1102,0.175,0.1383,0.127,0.0663,0.0,True
13121,Fulton,2012,649004,616362,5.3,13762.0,43114.0,34833.0,47017.0,40209.0,25282.0,154.0,21260.0,58117.0,0.0,32676.0,0.0005,0.0435,0.0799,0.1033,0.1486,0.1101,0.1837,0.1363,0.1271,0.0672,0.0,True
13121,Fulton,2013,671851,616362,9.0,13552.0,44159.0,35356.0,48240.0,41496.0,25608.0,158.0,22392.0,61282.0,0.0,33969.0,0.0005,0.0415,0.0785,0.1041,0.1479,0.1084,0.1879,0.1354,0.1272,0.0686,0.0,True
13121,Fulton,2014,699712,616362,13.5,14822.0,46951.0,36274.0,50507.0,43186.0,25944.0,180.0,22826.0,64031.0,0.0,35084.0,0.0005,0.0436,0.0763,0.1032,0.1486,0.1067,0.1884,0.1382,0.1271,0.0672,0.0,True
13121,Fulton,2015,734178,616362,19.1,15355.0,48226.0,38120.0,50330.0,45049.0,27131.0,180.0,23358.0,68875.0,0.0,37056.0,0.0005,0.0434,0.0767,0.1048,0.1423,0.1078,0.1947,0.1364,0.1274,0.066,0.0,True
13121,Fulton,2016,768176,616362,24.6,16998.0,50621.0,39631.0,57041.0,46458.0,28936.0,296.0,24283.0,71867.0,4.0,37826.0,0.0008,0.0455,0.0774,0.1011,0.1525,0.106,0.1922,0.1354,0.1242,0.0649,0.0,True
13121,Fulton,2017,792176,616362,28.5,17954.0,52339.0,40624.0,61682.0,46856.0,29366.0,276.0,24781.0,74391.0,4.0,38756.0,0.0007,0.0464,0.0759,0.1001,0.1594,0.105,0.1922,0.1352,0.1211,0.064,0.0,True
13121,Fulton,2018,808540,616362,31.2,18862.0,52141.0,41446.0,63508.0,48224.0,31394.0,282.0,25128.0,76908.0,0.0,38685.0,0.0007,0.0476,0.0792,0.0975,0.1601,0.1045,0.1939,0.1315,0.1216,0.0634,0.0,True
13121,Fulton,2019,817583,616362,32.6,19198.0,52025.0,42842.0,64787.0,49436.0,26198.0,267.0,26613.0,82846.0,0.0,35777.0,0.0007,0.048,0.0655,0.0894,0.162,0.1071,0.2071,0.1301,0.1236,0.0665,0.0,True
13121,Fulton,2020,779955,616362,26.5,18518.0,54982.0,43783.0,62566.0,38703.0,26214.0,242.0,23261.0,79139.0,13.0,34138.0,0.0006,0.0485,0.0687,0.0895,0.164,0.1147,0.2074,0.1441,0.1014,0.061,0.0,True
13121,Fulton,2021,798011,616362,29.5,18404.0,55999.0,45286.0,69294.0,38620.0,25752.0,266.0,23360.0,78773.0,6.0,36133.0,0.0007,0.047,0.0657,0.0922,0.1768,0.1156,0.201,0.1429,0.0985,0.0596,0.0,True
13121,Fulton,2022,859260,616362,39.4,19173.0,52750.0,48789.0,75548.0,44256.0,26839.0,305.0,25218.0,86465.0,12.0,40219.0,0.0007,0.0457,0.064,0.0959,0.1801,0.1163,0.2061,0.1257,0.1055,0.0601,0.0,True
13121,Fulton,2023,893853,616362,45.0,20902.0,62782.0,51486.0,71841.0,48151.0,28394.0,310.0,25151.0,85320.0,5.0,41536.0,0.0007,0.048,0.0651,0.0953,0.1648,0.1181,0.1957,0.144,0.1105,0.0577,0.0,True
13121,Fulton,2024,912416,616362,48.0,24192.0,67180.0,52576.0,73034.0,49434.0,29577.0,323.0,27403.0,84190.0,0.0,41652.0,0.0007,0.0538,0.0658,0.0927,0.1625,0.1169,0.1873,0.1494,0.11,0.061,0.0,True
13121,Fulton,2025,919694,616362,49.2,24496.0,70375.0,52830.0,71768.0,50189.0,30067.0,334.0,28285.0,83998.0,0.0,41407.0,0.0007,0.054,0.0663,0.0913,0.1582,0.1164,0.1851,0.1551,0.1106,0.0623,0.0,True
13135,Gwinnett,2000,282792,274194,3.1,23135.0,7859.0,8859.0,11388.0,12167.0,36905.0,204.0,7980.0,18808.0,,22196.0,0.0014,0.1547,0.2469,0.1485,0.0762,0.0593,0.1258,0.0526,0.0814,0.0534,,True
13135,Gwinnett,2001,289548,274194,5.6,23360.0,8458.0,9515.0,12657.0,12623.0,34457.0,203.0,7967.0,19560.0,,22708.0,0.0013,0.1542,0.2274,0.1499,0.0835,0.0628,0.1291,0.0558,0.0833,0.0526,,True
13135,Gwinnett,2002,281346,274194,2.6,22230.0,8969.0,10140.0,11036.0,12545.0,28249.0,186.0,8212.0,19531.0,,22336.0,0.0013,0.155,0.1969,0.1557,0.0769,0.0707,0.1362,0.0625,0.0875,0.0573,,True
13135,Gwinnett,2003,275806,274194,0.6,22298.0,10133.0,10780.0,8803.0,12341.0,26483.0,166.0,7494.0,18962.0,,21751.0,0.0012,0.1602,0.1902,0.1562,0.0632,0.0774,0.1362,0.0728,0.0886,0.0538,,True
13135,Gwinnett,2004,280378,274194,2.3,22744.0,10493.0,11068.0,8586.0,12893.0,25176.0,169.0,7637.0,20078.0,,21688.0,0.0012,0.1618,0.1791,0.1543,0.0611,0.0788,0.1429,0.0747,0.0917,0.0543,,True
13135,Gwinnett,2005,289176,274194,5.5,23311.0,11132.0,10941.0,10102.0,13304.0,26048.0,162.0,7733.0,19783.0,,22889.0,0.0011,0.1603,0.1791,0.1574,0.0695,0.0752,0.1361,0.0766,0.0915,0.0532,,True
13135,Gwinnett,2006,300852,274194,9.7,24602.0,11709.0,11074.0,10702.0,14004.0,26575.0,163.0,7883.0,20386.0,,24009.0,0.0011,0.1628,0.1759,0.1589,0.0708,0.0733,0.1349,0.0775,0.0927,0.0522,,True
13135,Gwinnett,2007,307843,274194,12.3,25166.0,11504.0,11151.0,11106.0,14496.0,26911.0,147.0,8204.0,21463.0,,24367.0,0.001,0.1629,0.1742,0.1577,0.0719,0.0722,0.1389,0.0745,0.0938,0.0531,,True
13135,Gwinnett,2008,301808,274194,10.1,23296.0,12348.0,10644.0,10619.0,14259.0,26586.0,154.0,8230.0,21483.0,,23454.0,0.001,0.1542,0.176,0.1552,0.0703,0.0705,0.1422,0.0817,0.0944,0.0545,,True
13135,Gwinnett,2009,279746,274194,2.0,19014.0,13072.0,9989.0,9792.0,13586.0,23406.0,155.0,8061.0,19787.0,,21627.0,0.0011,0.1373,0.169,0.1562,0.0707,0.0721,0.1429,0.0944,0.0981,0.0582,,True
13135,Gwinnett,2010,274194,274194,0.0,17007.0,13650.0,9838.0,9770.0,13223.0,21758.0,153.0,8089.0,19864.0,,21062.0,0.0011,0.1265,0.1619,0.1567,0.0727,0.0732,0.1478,0.1016,0.0984,0.0602,,True
13135,Gwinnett,2011,279709,274194,2.0,16461.0,13996.0,9949.0,9864.0,13520.0,22627.0,155.0,8474.0,20290.0,,21543.0,0.0011,0.1203,0.1653,0.1574,0.0721,0.0727,0.1482,0.1023,0.0988,0.0619,,True
13135,Gwinnett,2012,285183,274194,4.0,15479.0,14580.0,10288.0,9890.0,13971.0,22944.0,157.0,8307.0,20693.0,,22123.0,0.0011,0.1118,0.1657,0.1598,0.0714,0.0743,0.1495,0.1053,0.1009,0.06,,True
13135,Gwinnett,2013,294371,274194,7.4,16343.0,15150.0,10361.0,10729.0,14709.0,23968.0,140.0,8148.0,21437.0,,22538.0,0.001,0.1139,0.167,0.157,0.0748,0.0722,0.1494,0.1056,0.1025,0.0568,,True
13135,Gwinnett,2014,308874,274194,12.6,18101.0,15844.0,10490.0,10926.0,15831.0,25026.0,133.0,8095.0,23313.0,,23048.0,0.0009,0.12,0.1659,0.1528,0.0725,0.0696,0.1546,0.1051,0.105,0.0537,,True
13135,Gwinnett,2015,316190,274194,15.3,18817.0,16460.0,10678.0,10850.0,16666.0,24966.0,148.0,8658.0,23087.0,0.0,23933.0,0.001,0.122,0.1618,0.1551,0.0703,0.0692,0.1497,0.1067,0.108,0.0561,0.0,True
13135,Gwinnett,2016,324152,274194,18.2,20283.0,17357.0,10201.0,9941.0,17394.0,26062.0,118.0,9353.0,23641.0,0.0,24362.0,0.0007,0.1278,0.1642,0.1535,0.0626,0.0643,0.149,0.1094,0.1096,0.0589,0.0,True
13135,Gwinnett,2017,328861,274194,19.9,22159.0,17603.0,9830.0,9040.0,18046.0,26522.0,125.0,9645.0,23609.0,4.0,24865.0,0.0008,0.1373,0.1643,0.154,0.056,0.0609,0.1462,0.109,0.1118,0.0597,0.0,True
13135,Gwinnett,2018,336229,274194,22.6,24158.0,18484.0,9975.0,8687.0,18229.0,28247.0,142.0,9718.0,24146.0,,24831.0,0.0009,0.145,0.1695,0.149,0.0521,0.0599,0.1449,0.1109,0.1094,0.0583,,True
13135,Gwinnett,2019,342689,274194,25.0,25784.0,17603.0,9900.0,8669.0,19221.0,27947.0,187.0,10194.0,24783.0,0.0,25481.0,0.0011,0.1519,0.1646,0.1501,0.0511,0.0583,0.146,0.1037,0.1132,0.06,0.0,True
13135,Gwinnett,2020,335050,274194,22.2,24055.0,20167.0,9844.0,8323.0,16745.0,26634.0,200.0,9854.0,24395.0,0.0,24771.0,0.0012,0.1458,0.1614,0.1501,0.0504,0.0597,0.1479,0.1222,0.1015,0.0597,0.0,True
13135,Gwinnett,2021,348511,274194,27.1,25714.0,21491.0,9913.0,7762.0,17556.0,26244.0,201.0,10476.0,25426.0,0.0,25928.0,0.0012,0.1506,0.1537,0.1519,0.0455,0.0581,0.1489,0.1259,0.1028,0.0614,0.0,True
13135,Gwinnett,2022,356397,274194,30.0,25077.0,19836.0,10276.0,8304.0,18394.0,27932.0,214.0,10888.0,26347.0,0.0,26929.0,0.0012,0.144,0.1603,0.1546,0.0477,0.059,0.1512,0.1139,0.1056,0.0625,0.0,True
13135,Gwinnett,2023,371170,274194,35.4,26698.0,24914.0,10258.0,8012.0,18705.0,28506.0,280.0,10909.0,27191.0,,26789.0,0.0015,0.1465,0.1564,0.147,0.044,0.0563,0.1492,0.1367,0.1026,0.0599,,True
13135,Gwinnett,2024,375652,274194,37.0,27571.0,26520.0,10558.0,8253.0,19535.0,27609.0,199.0,10690.0,26486.0,,27112.0,0.0011,0.1494,0.1496,0.1469,0.0447,0.0572,0.1435,0.1437,0.1059,0.0579,,True
13135,Gwinnett,2025,380573,274194,38.8,28481.0,27344.0,10546.0,7895.0,19875.0,27976.0,180.0,10604.0,26328.0,,27686.0,0.001,0.1524,0.1497,0.1481,0.0422,0.0564,0.1409,0.1463,0.1063,0.0567,,True
13139,Hall,2000,58462,59039,-1.0,3668.0,3842.0,1519.0,585.0,2349.0,20625.0,255.0,1042.0,1573.0,,2973.0,0.0066,0.0954,0.5367,0.0774,0.0152,0.0395,0.0409,0.1,0.0611,0.0271,,False
13139,Hall,2001,57404,59039,-2.8,3654.0,4021.0,1440.0,588.0,2335.0,19777.0,233.0,1081.0,1498.0,,2938.0,0.0062,0.0973,0.5265,0.0782,0.0157,0.0383,0.0399,0.107,0.0622,0.0288,,False
13139,Hall,2002,55725,59039,-5.6,3714.0,4160.0,1530.0,506.0,2402.0,18136.0,227.0,1022.0,1572.0,,2760.0,0.0063,0.1031,0.5034,0.0766,0.014,0.0425,0.0436,0.1155,0.0667,0.0284,,False
13139,Hall,2003,57000,59039,-3.5,3797.0,4530.0,1600.0,505.0,2334.0,17422.0,191.0,1063.0,1854.0,,2835.0,0.0053,0.1051,0.4822,0.0785,0.014,0.0443,0.0513,0.1254,0.0646,0.0294,,False
13139,Hall,2004,60253,59039,2.1,4201.0,4692.0,1581.0,604.0,2495.0,17344.0,216.0,1334.0,2289.0,,2994.0,0.0057,0.1113,0.4594,0.0793,0.016,0.0419,0.0606,0.1243,0.0661,0.0353,,False
13139,Hall,2005,62343,59039,5.6,4488.0,4797.0,1520.0,632.0,2514.0,16492.0,324.0,1501.0,2909.0,,3116.0,0.0085,0.1172,0.4307,0.0814,0.0165,0.0397,0.076,0.1253,0.0657,0.0392,,False
13139,Hall,2006,63632,59039,7.8,4761.0,4886.0,1585.0,641.0,2546.0,17218.0,185.0,1538.0,2660.0,,3273.0,0.0047,0.1212,0.4382,0.0833,0.0163,0.0403,0.0677,0.1243,0.0648,0.0391,,False
13139,Hall,2007,65627,59039,11.2,4853.0,5044.0,1584.0,661.0,2576.0,17928.0,189.0,1663.0,2636.0,,3457.0,0.0047,0.1196,0.4417,0.0852,0.0163,0.039,0.0649,0.1243,0.0635,0.041,,False
13139,Hall,2008,64752,59039,9.7,4437.0,5174.0,1458.0,622.0,2589.0,17591.0,179.0,1708.0,2570.0,,3472.0,0.0045,0.1115,0.442,0.0872,0.0156,0.0366,0.0646,0.13,0.0651,0.0429,,False
13139,Hall,2009,59829,59039,1.3,3608.0,5317.0,1226.0,611.0,2533.0,16030.0,165.0,1518.0,2126.0,,3301.0,0.0045,0.099,0.44,0.0906,0.0168,0.0336,0.0584,0.1459,0.0695,0.0417,,False
13139,Hall,2010,59039,59039,0.0,2933.0,5495.0,1177.0,647.0,2608.0,15346.0,119.0,1516.0,2282.0,,3238.0,0.0034,0.0829,0.434,0.0916,0.0183,0.0333,0.0645,0.1554,0.0738,0.0429,,False
13139,Hall,2011,61740,59039,4.6,2796.0,5752.0,1803.0,640.0,2794.0,15811.0,126.0,1477.0,2194.0,,3371.0,0.0034,0.0761,0.4301,0.0917,0.0174,0.049,0.0597,0.1565,0.076,0.0402,,False
13139,Hall,2012,61878,59039,4.8,3071.0,5884.0,1126.0,586.0,2933.0,16810.0,114.0,1284.0,2135.0,,3402.0,0.0031,0.0822,0.4501,0.0911,0.0157,0.0302,0.0572,0.1576,0.0785,0.0344,,False
13139,Hall,2013,64075,59039,8.5,3111.0,6088.0,1224.0,593.0,3161.0,17239.0,104.0,1222.0,2266.0,,3490.0,0.0027,0.0808,0.4478,0.0907,0.0154,0.0318,0.0589,0.1581,0.0821,0.0317,,False
13139,Hall,2014,67443,59039,14.2,3226.0,6392.0,1223.0,601.0,3335.0,18215.0,107.0,1339.0,2598.0,,3538.0,0.0026,0.0795,0.4489,0.0872,0.0148,0.0301,0.064,0.1575,0.0822,0.033,,False
13139,Hall,2015,71128,59039,20.5,3450.0,6989.0,1293.0,661.0,3534.0,18648.0,118.0,1454.0,2746.0,,3702.0,0.0028,0.081,0.4378,0.0869,0.0155,0.0304,0.0645,0.1641,0.083,0.0341,,False
13139,Hall,2016,74757,59039,26.6,3819.0,7475.0,1447.0,629.0,3544.0,19484.0,105.0,1567.0,2925.0,,3836.0,0.0023,0.0852,0.4346,0.0856,0.014,0.0323,0.0652,0.1667,0.0791,0.035,,False
13139,Hall,2017,79536,59039,34.7,4185.0,7711.0,1629.0,593.0,3764.0,20420.0,115.0,1690.0,3322.0,,4061.0,0.0024,0.0881,0.43,0.0855,0.0125,0.0343,0.07,0.1624,0.0793,0.0356,,False
13139,Hall,2018,81744,59039,38.5,4594.0,7731.0,1495.0,553.0,3786.0,21300.0,137.0,1765.0,3480.0,,4198.0,0.0028,0.0937,0.4343,0.0856,0.0113,0.0305,0.071,0.1577,0.0772,0.036,,False
13139,Hall,2019,83747,59039,41.9,4678.0,7859.0,1402.0,492.0,3940.0,22110.0,152.0,1895.0,3406.0,,4411.0,0.003,0.0929,0.4392,0.0876,0.0098,0.0278,0.0677,0.1561,0.0783,0.0376,,False
13139,Hall,2020,81704,59039,38.4,4696.0,7992.0,1333.0,428.0,3730.0,21181.0,182.0,1737.0,3288.0,0.0,4330.0,0.0037,0.096,0.4332,0.0886,0.0088,0.0273,0.0672,0.1634,0.0763,0.0355,0.0,False
13139,Hall,2021,83592,59039,41.6,4679.0,8208.0,1433.0,423.0,3886.0,20464.0,177.0,1891.0,3384.0,0.0,4644.0,0.0036,0.0951,0.416,0.0944,0.0086,0.0291,0.0688,0.1669,0.079,0.0384,0.0,False
13139,Hall,2022,82557,59039,39.8,4708.0,6368.0,1501.0,489.0,3996.0,21068.0,152.0,2093.0,3703.0,,4764.0,0.0031,0.0964,0.4314,0.0975,0.01,0.0307,0.0758,0.1304,0.0818,0.0429,,False
13139,Hall,2023,92466,59039,56.6,4994.0,9379.0,1385.0,542.0,4259.0,23237.0,148.0,2023.0,3849.0,0.0,4946.0,0.0027,0.0912,0.4243,0.0903,0.0099,0.0253,0.0703,0.1713,0.0778,0.0369,0.0,False
13139,Hall,2024,93795,59039,58.9,5307.0,9377.0,1351.0,612.0,4350.0,24968.0,224.0,2024.0,3547.0,,4936.0,0.004,0.0936,0.4404,0.0871,0.0108,0.0238,0.0626,0.1654,0.0767,0.0357,,False
13139,Hall,2025,94883,59039,60.7,5481.0,9733.0,1367.0,740.0,4185.0,25080.0,270.0,1959.0,3497.0,,5053.0,0.0047,0.0955,0.4372,0.0881,0.0129,0.0238,0.061,0.1697,0.073,0.0341,,False
13151,Henry,2000,25384,38976,-34.9,2750.0,1445.0,517.0,559.0,1487.0,3590.0,80.0,826.0,902.0,,1975.0,0.0057,0.1946,0.2541,0.1398,0.0396,0.0366,0.0638,0.1023,0.1052,0.0585,,True
13151,Henry,2001,27681,38976,-29.0,2822.0,1549.0,583.0,1391.0,1631.0,3594.0,78.0,859.0,981.0,,2098.0,0.005,0.1811,0.2306,0.1346,0.0892,0.0374,0.0629,0.0994,0.1046,0.0551,,True
13151,Henry,2002,30114,38976,-22.7,2779.0,1763.0,606.0,1462.0,1960.0,3399.0,83.0,972.0,1127.0,,2324.0,0.005,0.1687,0.2063,0.1411,0.0887,0.0368,0.0684,0.107,0.119,0.059,,True
13151,Henry,2003,31670,38976,-18.7,2858.0,1839.0,720.0,1337.0,2164.0,3146.0,78.0,1029.0,1275.0,,2469.0,0.0046,0.169,0.186,0.146,0.079,0.0426,0.0754,0.1087,0.1279,0.0608,,True
13151,Henry,2004,33806,38976,-13.3,2910.0,1968.0,766.0,1273.0,2534.0,3210.0,87.0,1134.0,1353.0,,2628.0,0.0049,0.1629,0.1797,0.1471,0.0713,0.0429,0.0757,0.1102,0.1419,0.0635,,True
13151,Henry,2005,35262,38976,-9.5,2808.0,2106.0,1077.0,424.0,2700.0,3254.0,69.0,1174.0,1650.0,,2687.0,0.0038,0.1564,0.1813,0.1497,0.0236,0.06,0.0919,0.1173,0.1504,0.0654,,True
13151,Henry,2006,37795,38976,-3.0,2990.0,2333.0,1148.0,462.0,2856.0,3386.0,72.0,1197.0,1838.0,,2856.0,0.0038,0.1562,0.1769,0.1492,0.0241,0.06,0.096,0.1219,0.1492,0.0625,,True
13151,Henry,2007,39878,38976,2.3,2956.0,2699.0,1151.0,454.0,3010.0,3396.0,77.0,1242.0,1897.0,,3066.0,0.0039,0.1482,0.1702,0.1537,0.0228,0.0577,0.0951,0.1353,0.1509,0.0623,,True
13151,Henry,2008,39588,38976,1.6,2424.0,2737.0,1019.0,434.0,3017.0,3020.0,76.0,1178.0,1815.0,,3347.0,0.004,0.1271,0.1584,0.1755,0.0228,0.0534,0.0952,0.1435,0.1582,0.0618,,True
13151,Henry,2009,37853,38976,-2.9,1946.0,2805.0,862.0,413.0,3079.0,2680.0,58.0,1039.0,1705.0,,3262.0,0.0032,0.109,0.1501,0.1828,0.0231,0.0483,0.0955,0.1572,0.1725,0.0582,,True
13151,Henry,2010,38976,38976,0.0,1645.0,3042.0,843.0,414.0,2936.0,2484.0,52.0,1065.0,2096.0,,3333.0,0.0029,0.0918,0.1387,0.1861,0.0231,0.0471,0.117,0.1698,0.1639,0.0595,,True
13151,Henry,2011,40242,38976,3.2,1656.0,3160.0,817.0,578.0,3022.0,2566.0,55.0,1140.0,2139.0,,3444.0,0.003,0.0891,0.1381,0.1854,0.0311,0.044,0.1151,0.1701,0.1627,0.0614,,True
13151,Henry,2012,41762,38976,7.1,1510.0,3095.0,1005.0,588.0,3111.0,2579.0,50.0,1161.0,2350.0,,3588.0,0.0026,0.0793,0.1355,0.1885,0.0309,0.0528,0.1234,0.1626,0.1634,0.061,,True
13151,Henry,2013,43335,38976,11.2,1543.0,3174.0,1043.0,634.0,3328.0,2603.0,67.0,1262.0,2371.0,,3739.0,0.0034,0.0781,0.1317,0.1892,0.0321,0.0528,0.12,0.1606,0.1684,0.0639,,True
13151,Henry,2014,44340,38976,13.8,1594.0,3197.0,1024.0,700.0,3400.0,2706.0,65.0,1296.0,2319.0,,3928.0,0.0032,0.0788,0.1338,0.1942,0.0346,0.0506,0.1146,0.158,0.1681,0.0641,,True
13151,Henry,2015,46718,38976,19.9,1728.0,3294.0,1007.0,1716.0,3578.0,3000.0,66.0,1299.0,2191.0,,4128.0,0.003,0.0785,0.1363,0.1876,0.078,0.0458,0.0996,0.1497,0.1626,0.059,,True
13151,Henry,2016,50098,38976,28.5,1826.0,3748.0,1059.0,2036.0,3908.0,2894.0,70.0,1366.0,2213.0,0.0,4440.0,0.003,0.0775,0.1228,0.1885,0.0864,0.0449,0.0939,0.1591,0.1659,0.058,0.0,True
13151,Henry,2017,52704,38976,35.2,1927.0,4018.0,1091.0,2241.0,4203.0,2895.0,57.0,1353.0,2228.0,0.0,4716.0,0.0023,0.0779,0.1171,0.1907,0.0906,0.0441,0.0901,0.1625,0.17,0.0547,0.0,True
13151,Henry,2018,54430,38976,39.7,1994.0,4329.0,1102.0,1907.0,4318.0,3013.0,58.0,1311.0,2515.0,0.0,4761.0,0.0023,0.0788,0.1191,0.1881,0.0754,0.0435,0.0994,0.1711,0.1706,0.0518,0.0,True
13151,Henry,2019,58415,38976,49.9,2029.0,4706.0,1112.0,2044.0,4570.0,3161.0,61.0,1416.0,2637.0,,5239.0,0.0023,0.0752,0.1172,0.1942,0.0758,0.0412,0.0978,0.1745,0.1694,0.0525,,True
13151,Henry,2020,58181,38976,49.3,2117.0,4783.0,1127.0,1719.0,4381.0,3173.0,51.0,1322.0,2681.0,,5280.0,0.0019,0.0795,0.1191,0.1982,0.0645,0.0423,0.1007,0.1796,0.1645,0.0496,,True
13151,Henry,2021,63387,38976,62.6,2085.0,4716.0,1230.0,2888.0,4669.0,3321.0,64.0,1316.0,3171.0,,5727.0,0.0022,0.0714,0.1138,0.1962,0.0989,0.0421,0.1086,0.1616,0.16,0.0451,,True
13151,Henry,2022,65170,38976,67.2,2162.0,4926.0,1169.0,2836.0,5131.0,4125.0,75.0,1383.0,3403.0,,5465.0,0.0024,0.0705,0.1345,0.1782,0.0925,0.0381,0.1109,0.1606,0.1673,0.0451,,True
13151,Henry,2023,69898,38976,79.3,2126.0,5092.0,2308.0,2222.0,5496.0,4013.0,92.0,1548.0,3300.0,,6034.0,0.0029,0.066,0.1245,0.1872,0.0689,0.0716,0.1024,0.158,0.1705,0.048,,True
13151,Henry,2024,70937,38976,82.0,2080.0,5350.0,2795.0,1942.0,5529.0,4146.0,88.0,1729.0,2947.0,,6174.0,0.0027,0.0635,0.1265,0.1883,0.0592,0.0853,0.0899,0.1632,0.1687,0.0527,,True
13151,Henry,2025,70984,38976,82.1,2131.0,5525.0,2984.0,1586.0,5563.0,4257.0,143.0,1813.0,2494.0,,6344.0,0.0044,0.0649,0.1296,0.1932,0.0483,0.0909,0.0759,0.1682,0.1694,0.0552,,True
13217,Newton,2000,15493,15854,-2.3,1470.0,911.0,268.0,181.0,602.0,5195.0,45.0,371.0,350.0,,901.0,0.0044,0.1428,0.5047,0.0875,0.0176,0.026,0.034,0.0885,0.0585,0.036,,False
13217,Newton,2001,15381,15854,-3.0,1526.0,1011.0,258.0,173.0,584.0,5078.0,43.0,322.0,403.0,,1028.0,0.0041,0.1464,0.4871,0.0986,0.0166,0.0247,0.0387,0.097,0.056,0.0309,,False
13217,Newton,2002,15782,15854,-0.5,1552.0,1138.0,267.0,160.0,615.0,5078.0,47.0,385.0,388.0,,1040.0,0.0044,0.1455,0.4759,0.0975,0.015,0.025,0.0364,0.1067,0.0576,0.0361,,False
13217,Newton,2003,15925,15854,0.4,1546.0,1024.0,377.0,157.0,678.0,4878.0,43.0,375.0,376.0,,1004.0,0.0041,0.1478,0.4664,0.096,0.015,0.036,0.036,0.0979,0.0648,0.0359,,False
13217,Newton,2004,16367,15854,3.2,1938.0,1032.0,378.0,268.0,729.0,4579.0,48.0,426.0,435.0,,1162.0,0.0044,0.1763,0.4165,0.1057,0.0244,0.0344,0.0396,0.0939,0.0663,0.0387,,False
13217,Newton,2005,16533,15854,4.3,1828.0,1060.0,392.0,314.0,786.0,4608.0,39.0,458.0,364.0,,1156.0,0.0035,0.1661,0.4187,0.105,0.0285,0.0356,0.0331,0.0963,0.0714,0.0416,,False
13217,Newton,2006,17096,15854,7.8,1856.0,1126.0,381.0,350.0,848.0,4958.0,35.0,443.0,341.0,,1158.0,0.003,0.1614,0.4313,0.1007,0.0304,0.0331,0.0297,0.0979,0.0738,0.0385,,False
13217,Newton,2007,17674,15854,11.5,1959.0,1179.0,398.0,239.0,905.0,5024.0,60.0,415.0,348.0,,1241.0,0.0051,0.1665,0.4269,0.1055,0.0203,0.0338,0.0296,0.1002,0.0769,0.0353,,False
13217,Newton,2008,17578,15854,10.9,1663.0,1241.0,362.0,253.0,900.0,4949.0,55.0,428.0,409.0,,1252.0,0.0048,0.1445,0.4299,0.1088,0.022,0.0314,0.0355,0.1078,0.0782,0.0372,,False
13217,Newton,2009,16815,15854,6.1,1790.0,1232.0,299.0,252.0,880.0,4576.0,48.0,382.0,394.0,,938.0,0.0044,0.1659,0.4241,0.0869,0.0234,0.0277,0.0365,0.1142,0.0815,0.0354,,False
13217,Newton,2010,15854,15854,0.0,1165.0,1152.0,258.0,240.0,866.0,4348.0,54.0,386.0,435.0,,1192.0,0.0053,0.1154,0.4307,0.1181,0.0238,0.0256,0.0431,0.1141,0.0858,0.0382,,False
13217,Newton,2011,15882,15854,0.2,977.0,1141.0,260.0,256.0,953.0,4173.0,58.0,354.0,475.0,,1092.0,0.006,0.1003,0.4285,0.1121,0.0263,0.0267,0.0488,0.1172,0.0979,0.0363,,False
13217,Newton,2012,16075,15854,1.4,1012.0,1175.0,280.0,301.0,937.0,4069.0,54.0,364.0,492.0,,1004.0,0.0056,0.1045,0.42,0.1036,0.0311,0.0289,0.0508,0.1213,0.0967,0.0376,,False
13217,Newton,2013,16748,15854,5.6,1049.0,1236.0,301.0,292.0,973.0,4162.0,46.0,390.0,553.0,,1032.0,0.0046,0.1045,0.4148,0.1029,0.0291,0.03,0.0551,0.1232,0.097,0.0389,,False
13217,Newton,2014,18128,15854,14.3,1146.0,1266.0,302.0,303.0,1050.0,4334.0,54.0,382.0,795.0,,1072.0,0.005,0.1071,0.4049,0.1001,0.0283,0.0282,0.0743,0.1183,0.0981,0.0357,,False
13217,Newton,2015,19915,15854,25.6,1286.0,1283.0,322.0,354.0,1123.0,4538.0,63.0,421.0,991.0,,1205.0,0.0054,0.111,0.3917,0.104,0.0306,0.0278,0.0855,0.1107,0.0969,0.0363,,False
13217,Newton,2016,20926,15854,32.0,1499.0,1264.0,312.0,491.0,1232.0,4656.0,55.0,404.0,919.0,,1362.0,0.0045,0.1229,0.3818,0.1117,0.0403,0.0256,0.0754,0.1037,0.101,0.0331,,False
13217,Newton,2017,21347,15854,34.6,1521.0,1268.0,328.0,443.0,1215.0,4301.0,50.0,419.0,1008.0,,1492.0,0.0042,0.1263,0.3571,0.1239,0.0368,0.0272,0.0837,0.1053,0.1009,0.0348,,False
13217,Newton,2018,22071,15854,39.2,1672.0,1403.0,333.0,336.0,1269.0,4373.0,44.0,448.0,1019.0,,1533.0,0.0035,0.1345,0.3518,0.1233,0.027,0.0268,0.082,0.1129,0.1021,0.036,,False
13217,Newton,2019,22572,15854,42.4,1812.0,1486.0,346.0,278.0,1340.0,4364.0,50.0,465.0,972.0,,1586.0,0.0039,0.1427,0.3436,0.1249,0.0219,0.0272,0.0765,0.117,0.1055,0.0366,,False
13217,Newton,2020,21488,15854,35.5,1754.0,1482.0,362.0,345.0,1312.0,4050.0,54.0,416.0,874.0,,1484.0,0.0045,0.1446,0.3338,0.1223,0.0284,0.0298,0.072,0.1221,0.1081,0.0343,,False
13217,Newton,2021,20834,15854,31.4,1649.0,1396.0,372.0,422.0,1433.0,4014.0,49.0,459.0,761.0,,1389.0,0.0041,0.1381,0.3361,0.1163,0.0353,0.0311,0.0637,0.1169,0.12,0.0384,,False
13217,Newton,2022,21354,15854,34.7,1634.0,1420.0,420.0,453.0,1506.0,4021.0,47.0,475.0,820.0,,1390.0,0.0039,0.1341,0.33,0.1141,0.0372,0.0345,0.0673,0.1165,0.1236,0.039,,False
13217,Newton,2023,22372,15854,41.1,1780.0,1861.0,402.0,468.0,1573.0,4404.0,67.0,449.0,774.0,,1302.0,0.0051,0.1361,0.3367,0.0995,0.0358,0.0307,0.0592,0.1423,0.1203,0.0343,,False
13217,Newton,2024,23010,15854,45.1,1888.0,1860.0,402.0,452.0,1568.0,4360.0,68.0,518.0,839.0,,1386.0,0.0051,0.1415,0.3268,0.1039,0.0339,0.0301,0.0629,0.1394,0.1175,0.0388,,False
13217,Newton,2025,23278,15854,46.8,2127.0,1963.0,439.0,273.0,1500.0,4125.0,26.0,522.0,802.0,,1499.0,0.002,0.1602,0.3107,0.1129,0.0206,0.0331,0.0604,0.1479,0.113,0.0393,,False
13223,Paulding,2000,9229,13772,-33.0,1789.0,330.0,175.0,432.0,607.0,1202.0,10.0,238.0,220.0,,891.0,0.0017,0.3035,0.2039,0.1512,0.0733,0.0297,0.0373,0.056,0.103,0.0404,,False
13223,Paulding,2001,9568,13772,-30.5,1911.0,385.0,165.0,468.0,635.0,1050.0,9.0,263.0,224.0,,940.0,0.0015,0.3159,0.1736,0.1554,0.0774,0.0273,0.037,0.0636,0.105,0.0435,,False
13223,Paulding,2002,10332,13772,-25.0,2018.0,466.0,186.0,453.0,681.0,940.0,11.0,298.0,237.0,,991.0,0.0018,0.3213,0.1497,0.1578,0.0721,0.0296,0.0377,0.0742,0.1084,0.0474,,False
13223,Paulding,2003,10959,13772,-20.4,1952.0,512.0,216.0,422.0,761.0,911.0,11.0,334.0,300.0,,1061.0,0.0017,0.3012,0.1406,0.1637,0.0651,0.0333,0.0463,0.079,0.1174,0.0515,,False
13223,Paulding,2004,11749,13772,-14.7,2114.0,574.0,243.0,416.0,835.0,905.0,13.0,365.0,422.0,,1095.0,0.0019,0.3028,0.1296,0.1568,0.0596,0.0348,0.0604,0.0822,0.1196,0.0523,,False
13223,Paulding,2005,12451,13772,-9.6,2300.0,638.0,264.0,392.0,978.0,927.0,16.0,383.0,390.0,,1093.0,0.0022,0.3116,0.1256,0.1481,0.0531,0.0358,0.0528,0.0864,0.1325,0.0519,,False
13223,Paulding,2006,13700,13772,-0.5,2598.0,707.0,278.0,244.0,1123.0,984.0,14.0,417.0,516.0,,1220.0,0.0017,0.3207,0.1215,0.1506,0.0301,0.0343,0.0637,0.0873,0.1386,0.0515,,False
13223,Paulding,2007,14779,13772,7.3,2524.0,802.0,295.0,409.0,1353.0,940.0,15.0,490.0,543.0,,1285.0,0.0017,0.2916,0.1086,0.1485,0.0473,0.0341,0.0627,0.0927,0.1563,0.0566,,False
13223,Paulding,2008,14874,13772,8.0,2158.0,851.0,299.0,526.0,1390.0,915.0,4.0,518.0,527.0,,1361.0,0.0005,0.2524,0.107,0.1592,0.0615,0.035,0.0616,0.0995,0.1626,0.0606,,False
13223,Paulding,2009,13734,13772,-0.3,1648.0,750.0,315.0,521.0,1389.0,794.0,4.0,492.0,455.0,,1333.0,0.0005,0.214,0.1031,0.1731,0.0677,0.0409,0.0591,0.0974,0.1804,0.0639,,False
13223,Paulding,2010,13772,13772,0.0,1520.0,801.0,296.0,524.0,1442.0,753.0,8.0,516.0,475.0,,1314.0,0.001,0.1987,0.0984,0.1718,0.0685,0.0387,0.0621,0.1047,0.1885,0.0675,,False
13223,Paulding,2011,14375,13772,4.4,1410.0,906.0,287.0,492.0,1514.0,766.0,5.0,548.0,514.0,,1048.0,0.0007,0.1883,0.1023,0.1399,0.0657,0.0383,0.0686,0.121,0.2021,0.0732,,False
13223,Paulding,2012,14986,13772,8.8,1459.0,988.0,308.0,438.0,1533.0,757.0,8.0,542.0,598.0,,1082.0,0.001,0.1892,0.0981,0.1403,0.0568,0.0399,0.0775,0.1281,0.1988,0.0703,,False
13223,Paulding,2013,16028,13772,16.4,1590.0,1206.0,307.0,467.0,1675.0,740.0,16.0,564.0,619.0,,1176.0,0.0019,0.1902,0.0885,0.1407,0.0559,0.0367,0.074,0.1443,0.2004,0.0675,,False
13223,Paulding,2014,16942,13772,23.0,1814.0,1254.0,300.0,479.0,1774.0,807.0,31.0,564.0,639.0,,1555.0,0.0034,0.1968,0.0876,0.1687,0.052,0.0325,0.0693,0.1361,0.1925,0.0612,,False
13223,Paulding,2015,17460,13772,26.8,1953.0,1361.0,306.0,207.0,1813.0,926.0,36.0,592.0,646.0,,1614.0,0.0038,0.2066,0.0979,0.1707,0.0219,0.0324,0.0683,0.144,0.1918,0.0626,,False
13223,Paulding,2016,18438,13772,33.9,2014.0,1517.0,339.0,222.0,1924.0,1009.0,29.0,602.0,653.0,,1548.0,0.0029,0.2043,0.1024,0.157,0.0225,0.0344,0.0662,0.1539,0.1952,0.0611,,False
13223,Paulding,2017,19522,13772,41.8,2098.0,1739.0,347.0,204.0,1976.0,1034.0,5.0,642.0,705.0,,1762.0,0.0005,0.1996,0.0984,0.1676,0.0194,0.033,0.0671,0.1654,0.188,0.0611,,False
13223,Paulding,2018,20095,13772,45.9,2170.0,1782.0,369.0,212.0,1966.0,945.0,12.0,704.0,742.0,,1395.0,0.0012,0.2107,0.0918,0.1355,0.0206,0.0358,0.0721,0.1731,0.1909,0.0684,,False
13223,Paulding,2019,21179,13772,53.8,2112.0,1935.0,384.0,300.0,2171.0,1029.0,15.0,795.0,706.0,,1454.0,0.0014,0.1937,0.0944,0.1334,0.0275,0.0352,0.0648,0.1775,0.1992,0.0729,,False
13223,Paulding,2020,21075,13772,53.0,2088.0,1854.0,397.0,241.0,2021.0,1136.0,13.0,718.0,810.0,,1472.0,0.0012,0.1942,0.1057,0.1369,0.0224,0.0369,0.0753,0.1725,0.188,0.0668,,False
13223,Paulding,2021,22654,13772,64.5,2201.0,2021.0,400.0,210.0,2182.0,1098.0,18.0,788.0,958.0,,1561.0,0.0016,0.1924,0.096,0.1365,0.0184,0.035,0.0838,0.1767,0.1908,0.0689,,False
13223,Paulding,2022,23026,13772,67.2,2300.0,2232.0,392.0,248.0,2208.0,1156.0,19.0,863.0,861.0,,1543.0,0.0016,0.1946,0.0978,0.1305,0.021,0.0332,0.0728,0.1888,0.1868,0.073,,False
13223,Paulding,2023,23710,13772,72.2,2503.0,2253.0,404.0,252.0,2295.0,1253.0,21.0,883.0,871.0,,1669.0,0.0017,0.2018,0.101,0.1346,0.0203,0.0326,0.0702,0.1816,0.185,0.0712,,False
13223,Paulding,2024,24737,13772,79.6,2635.0,2398.0,419.0,240.0,2324.0,1267.0,22.0,957.0,893.0,,1658.0,0.0017,0.2057,0.0989,0.1294,0.0187,0.0327,0.0697,0.1872,0.1814,0.0747,,False
13223,Paulding,2025,25469,13772,84.9,2737.0,2473.0,509.0,263.0,2395.0,1262.0,25.0,1048.0,901.0,,1664.0,0.0019,0.2061,0.0951,0.1253,0.0198,0.0383,0.0679,0.1863,0.1804,0.0789,,False
13247,Rockdale,2000,31431,26068,20.6,3362.0,1314.0,384.0,1951.0,1981.0,7384.0,31.0,946.0,1150.0,,1728.0,0.0015,0.1662,0.365,0.0854,0.0964,0.019,0.0568,0.0649,0.0979,0.0468,,True
13247,Rockdale,2001,30774,26068,18.1,3374.0,1346.0,383.0,1895.0,2010.0,6830.0,33.0,899.0,1088.0,,1742.0,0.0017,0.1721,0.3485,0.0889,0.0967,0.0195,0.0555,0.0687,0.1026,0.0459,,True
13247,Rockdale,2002,29820,26068,14.4,3381.0,1428.0,424.0,1652.0,1889.0,5988.0,35.0,856.0,1110.0,,1765.0,0.0019,0.1825,0.3232,0.0953,0.0892,0.0229,0.0599,0.0771,0.102,0.0462,,True
13247,Rockdale,2003,29312,26068,12.4,2988.0,1486.0,414.0,1522.0,2001.0,5533.0,41.0,787.0,1097.0,,1826.0,0.0023,0.1689,0.3127,0.1032,0.086,0.0234,0.062,0.084,0.1131,0.0445,,True
13247,Rockdale,2004,29414,26068,12.8,2856.0,1530.0,470.0,1302.0,2048.0,5492.0,40.0,793.0,1219.0,,1784.0,0.0023,0.1629,0.3132,0.1017,0.0743,0.0268,0.0695,0.0873,0.1168,0.0452,,True
13247,Rockdale,2005,29142,26068,11.8,3393.0,1663.0,483.0,1029.0,1958.0,5258.0,39.0,780.0,1169.0,,1724.0,0.0022,0.1939,0.3005,0.0985,0.0588,0.0276,0.0668,0.0951,0.1119,0.0446,,True
13247,Rockdale,2006,29927,26068,14.8,3566.0,1782.0,495.0,819.0,1994.0,5208.0,40.0,789.0,1275.0,,1774.0,0.0023,0.201,0.2935,0.1,0.0462,0.0279,0.0719,0.1004,0.1124,0.0445,,True
13247,Rockdale,2007,29548,26068,13.3,3549.0,1854.0,487.0,463.0,2086.0,4943.0,37.0,766.0,1226.0,,1800.0,0.0021,0.2062,0.2872,0.1046,0.0269,0.0283,0.0712,0.1077,0.1212,0.0445,,True
13247,Rockdale,2008,28608,26068,9.7,2962.0,1916.0,470.0,488.0,2026.0,4664.0,38.0,746.0,1174.0,,1829.0,0.0023,0.1816,0.2859,0.1121,0.0299,0.0288,0.072,0.1175,0.1242,0.0457,,True
13247,Rockdale,2009,26098,26068,0.1,2457.0,1909.0,429.0,584.0,1880.0,3341.0,64.0,704.0,1034.0,,1844.0,0.0045,0.1725,0.2345,0.1294,0.041,0.0301,0.0726,0.134,0.132,0.0494,,True
13247,Rockdale,2010,26068,26068,0.0,2336.0,1952.0,425.0,625.0,1808.0,3668.0,55.0,672.0,1076.0,,1769.0,0.0038,0.1624,0.255,0.123,0.0434,0.0295,0.0748,0.1357,0.1257,0.0467,,True
13247,Rockdale,2011,26555,26068,1.9,2395.0,2051.0,463.0,922.0,1814.0,3751.0,62.0,644.0,995.0,,1779.0,0.0042,0.161,0.2522,0.1196,0.062,0.0311,0.0669,0.1379,0.1219,0.0433,,True
13247,Rockdale,2012,27372,26068,5.0,2469.0,2192.0,495.0,1007.0,1834.0,3776.0,68.0,645.0,1044.0,,1801.0,0.0044,0.161,0.2463,0.1175,0.0657,0.0323,0.0681,0.143,0.1196,0.0421,,True
13247,Rockdale,2013,28138,26068,7.9,2658.0,2197.0,520.0,1048.0,1818.0,4676.0,27.0,682.0,1061.0,,1691.0,0.0016,0.1623,0.2855,0.1032,0.064,0.0317,0.0648,0.1341,0.111,0.0416,,True
13247,Rockdale,2014,28617,26068,9.8,2700.0,2108.0,583.0,1081.0,1955.0,4599.0,30.0,686.0,1128.0,,1710.0,0.0018,0.1628,0.2774,0.1031,0.0652,0.0352,0.068,0.1271,0.1179,0.0414,,True
13247,Rockdale,2015,29285,26068,12.3,2926.0,2135.0,592.0,901.0,2097.0,4293.0,32.0,689.0,1270.0,,1746.0,0.0019,0.1754,0.2574,0.1047,0.054,0.0355,0.0761,0.128,0.1257,0.0413,,True
13247,Rockdale,2016,30381,26068,16.5,2957.0,2281.0,616.0,865.0,2194.0,4395.0,34.0,706.0,1265.0,,1862.0,0.002,0.1722,0.2559,0.1084,0.0504,0.0359,0.0737,0.1328,0.1277,0.0411,,True
13247,Rockdale,2017,30983,26068,18.9,2968.0,2286.0,696.0,902.0,2210.0,4340.0,0.0,885.0,1311.0,0.0,1891.0,0.0,0.1697,0.2482,0.1081,0.0516,0.0398,0.075,0.1307,0.1264,0.0506,0.0,True
13247,Rockdale,2018,31846,26068,22.2,3006.0,2307.0,780.0,832.0,2172.0,4448.0,0.0,1163.0,1433.0,0.0,1894.0,0.0,0.1667,0.2466,0.105,0.0461,0.0432,0.0795,0.1279,0.1204,0.0645,0.0,True
13247,Rockdale,2019,32786,26068,25.8,3362.0,2345.0,811.0,666.0,2217.0,4459.0,6.0,1108.0,1435.0,,2034.0,0.0003,0.1823,0.2418,0.1103,0.0361,0.044,0.0778,0.1271,0.1202,0.0601,,True
13247,Rockdale,2020,31759,26068,21.8,3252.0,2256.0,817.0,594.0,1929.0,4595.0,7.0,1025.0,1422.0,,2005.0,0.0004,0.1817,0.2567,0.112,0.0332,0.0456,0.0794,0.126,0.1078,0.0573,,True
13247,Rockdale,2021,32883,26068,26.1,3393.0,2316.0,913.0,591.0,1944.0,4996.0,6.0,938.0,1493.0,,2030.0,0.0003,0.1822,0.2683,0.109,0.0317,0.049,0.0802,0.1244,0.1044,0.0504,,True
13247,Rockdale,2022,33986,26068,30.4,3282.0,2410.0,902.0,596.0,1929.0,5658.0,5.0,893.0,1576.0,,2082.0,0.0003,0.1698,0.2927,0.1077,0.0308,0.0467,0.0815,0.1247,0.0998,0.0462,,True
13247,Rockdale,2023,33397,26068,28.1,3306.0,2450.0,737.0,528.0,2046.0,5555.0,9.0,922.0,1427.0,,2079.0,0.0005,0.1735,0.2915,0.1091,0.0277,0.0387,0.0749,0.1285,0.1074,0.0484,,True
13247,Rockdale,2024,33673,26068,29.2,3493.0,2760.0,709.0,486.0,2068.0,5519.0,12.0,932.0,1357.0,,2017.0,0.0006,0.1805,0.2852,0.1042,0.0251,0.0366,0.0701,0.1426,0.1069,0.0482,,True
13247,Rockdale,2025,33078,26068,26.9,3515.0,2728.0,699.0,453.0,1980.0,5800.0,15.0,800.0,1291.0,,1948.0,0.0008,0.1828,0.3016,0.1013,0.0236,0.0364,0.0671,0.1419,0.103,0.0416,,True
13255,Spalding,2000,18972,15661,21.1,730.0,1152.0,384.0,243.0,837.0,5149.0,18.0,1019.0,797.0,,1531.0,0.0015,0.0616,0.4341,0.1291,0.0205,0.0324,0.0672,0.0971,0.0706,0.0859,,False
13255,Spalding,2001,18817,15661,20.2,742.0,1198.0,361.0,244.0,822.0,4916.0,16.0,1105.0,691.0,,1628.0,0.0014,0.0633,0.4193,0.1389,0.0208,0.0308,0.0589,0.1022,0.0701,0.0943,,False
13255,Spalding,2002,18478,15661,18.0,810.0,1237.0,370.0,236.0,842.0,5331.0,7.0,1235.0,616.0,,1346.0,0.0006,0.0673,0.4431,0.1119,0.0196,0.0308,0.0512,0.1028,0.07,0.1027,,False
13255,Spalding,2003,18224,15661,16.4,807.0,1270.0,372.0,205.0,921.0,4891.0,24.0,1220.0,626.0,,1338.0,0.0021,0.0691,0.419,0.1146,0.0176,0.0319,0.0536,0.1088,0.0789,0.1045,,False
13255,Spalding,2004,18836,15661,20.3,833.0,1316.0,368.0,194.0,939.0,4768.0,24.0,1220.0,801.0,,1368.0,0.002,0.0704,0.403,0.1156,0.0164,0.0311,0.0677,0.1112,0.0794,0.1031,,False
13255,Spalding,2005,18609,15661,18.8,904.0,1694.0,372.0,186.0,930.0,4650.0,16.0,639.0,817.0,,1381.0,0.0014,0.078,0.4012,0.1192,0.016,0.0321,0.0705,0.1462,0.0802,0.0551,,False
13255,Spalding,2006,18682,15661,19.3,1027.0,1758.0,382.0,173.0,939.0,4185.0,24.0,657.0,846.0,,1366.0,0.0021,0.0904,0.3685,0.1203,0.0152,0.0336,0.0745,0.1548,0.0827,0.0578,,False
13255,Spalding,2007,18874,15661,20.5,1017.0,1819.0,371.0,170.0,943.0,3946.0,22.0,679.0,1014.0,,1293.0,0.002,0.0902,0.35,0.1147,0.0151,0.0329,0.0899,0.1613,0.0836,0.0602,,False
13255,Spalding,2008,18010,15661,15.0,829.0,1856.0,357.0,146.0,928.0,3568.0,17.0,584.0,1083.0,,1363.0,0.0016,0.0773,0.3325,0.127,0.0136,0.0333,0.1009,0.173,0.0865,0.0544,,False
13255,Spalding,2009,16198,15661,3.4,539.0,1943.0,343.0,122.0,864.0,3014.0,19.0,513.0,661.0,,1234.0,0.0021,0.0583,0.3258,0.1334,0.0132,0.0371,0.0714,0.21,0.0934,0.0554,,False
13255,Spalding,2010,15661,15661,0.0,420.0,2006.0,322.0,124.0,862.0,2676.0,15.0,484.0,674.0,,1178.0,0.0017,0.0479,0.3054,0.1345,0.0142,0.0368,0.0769,0.229,0.0984,0.0552,,False
13255,Spalding,2011,16165,15661,3.2,417.0,2045.0,310.0,109.0,852.0,2844.0,17.0,460.0,807.0,,1161.0,0.0019,0.0462,0.3152,0.1287,0.0121,0.0344,0.0894,0.2267,0.0944,0.051,,False
13255,Spalding,2012,16143,15661,3.1,418.0,2110.0,313.0,96.0,824.0,2832.0,0.0,424.0,820.0,,1132.0,0.0,0.0466,0.3158,0.1262,0.0107,0.0349,0.0914,0.2353,0.0919,0.0473,,False
13255,Spalding,2013,16173,15661,3.3,434.0,2176.0,298.0,97.0,891.0,2831.0,0.0,435.0,792.0,,1149.0,0.0,0.0477,0.311,0.1262,0.0107,0.0327,0.087,0.239,0.0979,0.0478,,False
13255,Spalding,2014,16407,15661,4.8,505.0,2149.0,292.0,99.0,887.0,2838.0,0.0,445.0,837.0,,1180.0,0.0,0.0547,0.3074,0.1278,0.0107,0.0316,0.0907,0.2328,0.0961,0.0482,,False
13255,Spalding,2015,17783,15661,13.5,582.0,2142.0,281.0,96.0,939.0,2909.0,23.0,425.0,1627.0,,1254.0,0.0022,0.0566,0.283,0.122,0.0093,0.0273,0.1583,0.2084,0.0914,0.0414,,False
13255,Spalding,2016,18707,15661,19.4,630.0,2135.0,327.0,78.0,977.0,2929.0,28.0,453.0,1201.0,,1366.0,0.0028,0.0622,0.2893,0.1349,0.0077,0.0323,0.1186,0.2109,0.0965,0.0447,,False
13255,Spalding,2017,18355,15661,17.2,667.0,2002.0,327.0,69.0,1033.0,2905.0,24.0,541.0,1150.0,,1220.0,0.0024,0.0671,0.2923,0.1228,0.0069,0.0329,0.1157,0.2014,0.1039,0.0544,,False
13255,Spalding,2018,18496,15661,18.1,634.0,1925.0,325.0,68.0,1070.0,2701.0,27.0,603.0,1255.0,,1244.0,0.0027,0.0644,0.2742,0.1263,0.0069,0.033,0.1274,0.1954,0.1086,0.0612,,False
13255,Spalding,2019,18766,15661,19.8,651.0,1922.0,316.0,62.0,1075.0,2690.0,28.0,636.0,1318.0,,1368.0,0.0028,0.0647,0.2672,0.1359,0.0062,0.0314,0.1309,0.1909,0.1068,0.0632,,False
13255,Spalding,2020,18001,15661,14.9,680.0,1838.0,315.0,58.0,992.0,2576.0,33.0,623.0,1237.0,,1338.0,0.0034,0.0702,0.2658,0.1381,0.006,0.0325,0.1277,0.1897,0.1024,0.0643,,False
13255,Spalding,2021,17705,15661,13.1,731.0,1680.0,313.0,46.0,995.0,2872.0,36.0,620.0,1108.0,,1360.0,0.0037,0.0749,0.2942,0.1393,0.0047,0.0321,0.1135,0.1721,0.1019,0.0635,,False
13255,Spalding,2022,18880,15661,20.6,786.0,1598.0,267.0,58.0,1095.0,3430.0,17.0,648.0,1299.0,,1368.0,0.0016,0.0744,0.3246,0.1295,0.0055,0.0253,0.1229,0.1512,0.1036,0.0613,,False
13255,Spalding,2023,18745,15661,19.7,854.0,1776.0,250.0,54.0,1121.0,3469.0,22.0,546.0,1165.0,,1329.0,0.0021,0.0807,0.3277,0.1255,0.0051,0.0236,0.1101,0.1678,0.1059,0.0516,,False
13255,Spalding,2024,18784,15661,19.9,881.0,1961.0,247.0,53.0,1061.0,3283.0,27.0,518.0,1095.0,,1391.0,0.0026,0.0838,0.3122,0.1323,0.005,0.0235,0.1041,0.1865,0.1009,0.0493,,False
13255,Spalding,2025,17575,15661,12.2,798.0,1992.0,253.0,43.0,1043.0,2900.0,40.0,504.0,775.0,,1454.0,0.0041,0.0814,0.2959,0.1483,0.0044,0.0258,0.0791,0.2032,0.1064,0.0514,,False
13297,Walton,2000,12244,14227,-13.9,2457.0,616.0,232.0,104.0,542.0,2508.0,198.0,318.0,327.0,,724.0,0.0247,0.3061,0.3125,0.0902,0.013,0.0289,0.0407,0.0768,0.0675,0.0396,,False
13297,Walton,2001,12394,14227,-12.9,2575.0,627.0,236.0,106.0,502.0,2262.0,204.0,322.0,356.0,,781.0,0.0256,0.323,0.2838,0.098,0.0133,0.0296,0.0447,0.0787,0.063,0.0404,,False
13297,Walton,2002,13109,14227,-7.9,2675.0,639.0,244.0,94.0,586.0,2250.0,240.0,367.0,400.0,,836.0,0.0288,0.3211,0.2701,0.1003,0.0113,0.0293,0.048,0.0767,0.0703,0.0441,,False
13297,Walton,2003,13379,14227,-6.0,2707.0,660.0,284.0,114.0,637.0,2325.0,196.0,361.0,405.0,,812.0,0.0231,0.3184,0.2735,0.0955,0.0134,0.0334,0.0476,0.0776,0.0749,0.0425,,False
13297,Walton,2004,14182,14227,-0.3,2935.0,738.0,320.0,108.0,619.0,2485.0,247.0,357.0,420.0,,860.0,0.0272,0.3229,0.2734,0.0946,0.0119,0.0352,0.0462,0.0812,0.0681,0.0393,,False
13297,Walton,2005,14989,14227,5.4,3076.0,844.0,330.0,110.0,669.0,2407.0,238.0,351.0,459.0,,936.0,0.0253,0.3265,0.2555,0.0994,0.0117,0.035,0.0487,0.0896,0.071,0.0373,,False
13297,Walton,2006,16013,14227,12.6,3274.0,977.0,319.0,146.0,685.0,2456.0,236.0,360.0,530.0,,996.0,0.0236,0.3281,0.2461,0.0998,0.0146,0.032,0.0531,0.0979,0.0686,0.0361,,False
13297,Walton,2007,15981,14227,12.3,3216.0,1017.0,300.0,144.0,735.0,2125.0,240.0,368.0,500.0,,1069.0,0.0247,0.3311,0.2188,0.11,0.0148,0.0309,0.0515,0.1047,0.0757,0.0379,,False
13297,Walton,2008,15553,14227,9.3,2608.0,1122.0,272.0,134.0,754.0,2196.0,136.0,370.0,440.0,,1120.0,0.0149,0.285,0.2399,0.1224,0.0146,0.0297,0.0481,0.1226,0.0824,0.0404,,False
13297,Walton,2009,14484,14227,1.8,2190.0,1006.0,236.0,132.0,852.0,1980.0,100.0,334.0,398.0,,1090.0,0.012,0.2633,0.238,0.131,0.0159,0.0284,0.0478,0.1209,0.1024,0.0402,,False
13297,Walton,2010,14227,14227,0.0,2050.0,1028.0,228.0,125.0,835.0,2011.0,94.0,322.0,449.0,,1022.0,0.0115,0.2511,0.2463,0.1252,0.0153,0.0279,0.055,0.1259,0.1023,0.0394,,False
13297,Walton,2011,14575,14227,2.4,1911.0,1042.0,236.0,111.0,839.0,2152.0,84.0,354.0,558.0,,1010.0,0.0101,0.2303,0.2594,0.1217,0.0134,0.0284,0.0673,0.1256,0.1011,0.0427,,False
13297,Walton,2012,14647,14227,3.0,1788.0,1017.0,250.0,97.0,823.0,2243.0,102.0,358.0,670.0,,964.0,0.0123,0.2151,0.2699,0.116,0.0117,0.0301,0.0806,0.1224,0.099,0.0431,,False
13297,Walton,2013,15012,14227,5.5,1820.0,1040.0,263.0,94.0,916.0,2322.0,62.0,352.0,684.0,,953.0,0.0073,0.214,0.273,0.112,0.0111,0.0309,0.0804,0.1223,0.1077,0.0414,,False
13297,Walton,2014,15244,14227,7.1,2135.0,1063.0,260.0,85.0,956.0,2305.0,69.0,347.0,588.0,,978.0,0.0079,0.243,0.2623,0.1113,0.0097,0.0296,0.0669,0.121,0.1088,0.0395,,False
13297,Walton,2015,16324,14227,14.7,2443.0,1134.0,275.0,87.0,998.0,2408.0,65.0,333.0,610.0,,1070.0,0.0069,0.2593,0.2555,0.1136,0.0092,0.0292,0.0647,0.1203,0.1059,0.0353,,False
13297,Walton,2016,17101,14227,20.2,2432.0,1236.0,276.0,113.0,1053.0,2640.0,63.0,334.0,574.0,,1151.0,0.0064,0.2464,0.2674,0.1166,0.0114,0.028,0.0581,0.1252,0.1067,0.0338,,False
13297,Walton,2017,17882,14227,25.7,2522.0,1335.0,308.0,119.0,1082.0,2854.0,59.0,359.0,567.0,0.0,1191.0,0.0057,0.2426,0.2745,0.1146,0.0114,0.0296,0.0545,0.1284,0.1041,0.0345,0.0,False
13297,Walton,2018,18360,14227,29.1,2489.0,1400.0,308.0,105.0,1091.0,3060.0,66.0,396.0,531.0,,1247.0,0.0062,0.2328,0.2862,0.1166,0.0098,0.0288,0.0497,0.1309,0.102,0.037,,False
13297,Walton,2019,18772,14227,31.9,2614.0,1520.0,327.0,88.0,1146.0,2862.0,71.0,445.0,552.0,,1245.0,0.0065,0.2405,0.2633,0.1145,0.0081,0.0301,0.0508,0.1398,0.1054,0.0409,,False
13297,Walton,2020,18657,14227,31.1,2669.0,1464.0,322.0,89.0,1160.0,2793.0,73.0,441.0,561.0,,1236.0,0.0068,0.2469,0.2584,0.1144,0.0082,0.0298,0.0519,0.1355,0.1073,0.0408,,False
13297,Walton,2021,19910,14227,39.9,2980.0,1516.0,332.0,110.0,1210.0,2971.0,79.0,476.0,613.0,,1315.0,0.0068,0.2569,0.2561,0.1133,0.0095,0.0286,0.0528,0.1307,0.1043,0.041,,False
13297,Walton,2022,20965,14227,47.4,3266.0,1512.0,342.0,144.0,1277.0,3000.0,78.0,535.0,709.0,,1369.0,0.0064,0.267,0.2453,0.1119,0.0118,0.028,0.058,0.1236,0.1044,0.0437,,False
13297,Walton,2023,22139,14227,55.6,3522.0,1699.0,380.0,166.0,1416.0,2964.0,79.0,544.0,694.0,,1427.0,0.0061,0.2732,0.2299,0.1107,0.0129,0.0295,0.0538,0.1318,0.1098,0.0422,,False
13297,Walton,2024,23211,14227,63.1,3648.0,1786.0,381.0,142.0,1513.0,3196.0,69.0,652.0,753.0,,1454.0,0.0051,0.2684,0.2351,0.107,0.0104,0.028,0.0554,0.1314,0.1113,0.048,,False
13297,Walton,2025,23111,14227,62.4,3562.0,1839.0,386.0,122.0,1470.0,3108.0,68.0,630.0,759.0,,1471.0,0.0051,0.2655,0.2317,0.1097,0.0091,0.0288,0.0566,0.1371,0.1096,0.047,,False
